Dis No,Year,Seq,Glide,Disaster Group,Disaster Subgroup,Disaster Type,Disaster Subtype,Disaster Subsubtype,Event Name,Country,ISO,Region,Continent,Location,Origin,Associated Dis,Associated Dis2,OFDA Response,Appeal,Declaration,AID Contribution ('000 US$),Dis Mag Value,Dis Mag Scale,Latitude,Longitude,Local Time,River Basin,Start Year,Start Month,Start Day,End Year,End Month,End Day,Total Deaths,No Injured,No Affected,No Homeless,Total Affected,Reconstruction Costs ('000 US$),"Reconstruction Costs, Adjusted ('000 US$)",Insured Damages ('000 US$),"Insured Damages, Adjusted ('000 US$)",Total Damages ('000 US$),"Total Damages, Adjusted ('000 US$)",CPI,Adm Level,Admin1 Code,Admin2 Code,Geo Locations
1950-0010-JPN,1950,0010,,Natural,Meteorological,Storm,Tropical cyclone,,Jane,Japan,JPN,Eastern Asia,Asia,Entire nation except Kyushu,,,,,,,,,Kph,,,,,1950,9,,1950,9,,509,,642117,,642117,,,,,,,8.23955211,,,,
1950-0025-JPN,1950,0025,,Natural,Hydrological,Flood,,,,Japan,JPN,Eastern Asia,Asia,,,,,,,,,,Km2,,,,,1950,6,,1950,6,,50,,,,,,,,,,,8.23955211,,,,
1950-0030-JPN,1950,0030,,Natural,Hydrological,Flood,,,,Japan,JPN,Eastern Asia,Asia,,,,,,,,,,Km2,,,,,1950,8,,1950,8,,77,,,,,,,,,,,8.23955211,,,,
1951-0019-JPN,1951,0019,,Natural,Meteorological,Storm,Tropical cyclone,,Ruth,Japan,JPN,Eastern Asia,Asia,Entire nation except Hokkaido,,,,,,,,,Kph,,,,,1951,10,,1951,10,,943,,,,,,,,,,,8.889143356,,,,
1951-0013-JPN,1951,0013,,Natural,Hydrological,Flood,,,,Japan,JPN,Eastern Asia,Asia,Western Japan,,,,,,,,,Km2,,,,,1951,7,,1951,7,,306,,318534,,318534,,,,,,,8.889143356,,,,
1952-0022-JPN,1952,0022,,Natural,Geophysical,Earthquake,Ground movement,,,Japan,JPN,Eastern Asia,Asia,Hokkaido Isl.,,Tsunami/Tidal wave,,,,,,8,Richter,42.084,143.899,10:22,,1952,3,4,1952,3,4,33,200,,,200,,,,,,,9.094277433,,,,
1952-0007-JPN,1952,0007,,Natural,Geophysical,Volcanic activity,Ash fall,,Myozin-Syo,Japan,JPN,Eastern Asia,Asia,"Myozin-Syo, Izu Islands",,,,,,,,,,,,,,1952,9,24,1952,9,24,29,,29,,29,,,,,,,9.094277433,,,,
1952-0023-JPN,1952,0023,,Natural,Meteorological,Storm,,,,Japan,JPN,Eastern Asia,Asia,,,,,,,,,,Kph,,,,,1952,7,,1952,7,,176,,,,,,,,,,,9.094277433,,,,
1953-0018-JPN,1953,0018,,Natural,Meteorological,Storm,Tropical cyclone,,,Japan,JPN,Eastern Asia,Asia,Nagoya,,,,,,,,,Kph,,,,,1953,9,25,1953,9,25,250,,1000000,,1000000,,,,,,,9.162655459,,,,
1953-0043-JPN,1953,0043,,Natural,Meteorological,Storm,Tropical cyclone,,,Japan,JPN,Eastern Asia,Asia,,,,,,,,,,Kph,,,,,1953,6,,1953,6,,29,,,,,,,,,,,9.162655459,,,,
1953-0013-JPN,1953,0013,,Natural,Hydrological,Flood,,,,Japan,JPN,Eastern Asia,Asia,Most of the nation,,,,,,,,,Km2,,,,,1953,6,23,1953,6,23,2566,,1886760,,1886760,,,,,,,9.162655459,,,,
1953-0048-JPN,1953,0048,,Natural,Hydrological,Flood,,,,Japan,JPN,Eastern Asia,Asia,,,,,,,,,,Km2,,,,,1953,7,,1953,7,,1024,,,,,,,,,,,9.162655459,,,,
1953-0051-JPN,1953,0051,,Natural,Hydrological,Flood,,,,Japan,JPN,Eastern Asia,Asia,,,,,,,,,,Km2,,,,,1953,8,,1953,8,,377,,,,,,,,,,,9.162655459,,,,
1954-0019-JPN,1954,0019,,Natural,Meteorological,Storm,Tropical cyclone,,,Japan,JPN,Eastern Asia,Asia,North Japan,,,,,,,,,Kph,,,,,1954,9,26,1954,9,26,1761,,,,,,,,,,,9.196844472,,,,
1954-0051-JPN,1954,0051,,Natural,Meteorological,Storm,Tropical cyclone,,,Japan,JPN,Eastern Asia,Asia,,,,,,,,,,Kph,,,,,1954,8,,1954,8,,46,,,,,,,,,,,9.196844472,,,,
1954-0057-JPN,1954,0057,,Natural,Meteorological,Storm,Tropical cyclone,,,Japan,JPN,Eastern Asia,Asia,,,,,,,,,,Kph,,,,,1954,9,,1954,9,,27,,,,,,,,,,,9.196844472,,,,
1954-0008-JPN,1954,0008,,Natural,Meteorological,Storm,,,,Japan,JPN,Eastern Asia,Asia,"Tohoku, Hokkaido",,,,,,,,,Kph,,,,,1954,5,,1954,5,,419,,47049,,47049,,,,,,,9.196844472,,,,
1955-0039-JPN,1955,0039,,Natural,Hydrological,Landslide,Landslide,,,Japan,JPN,Eastern Asia,Asia,,,,,,,,,,,,,,,1955,4,,1955,4,,73,,,,,,,,,,,9.149004407,,,,
1955-0047-JPN,1955,0047,,Natural,Meteorological,Storm,Tropical cyclone,,,Japan,JPN,Eastern Asia,Asia,,,,,,,,,,Kph,,,,,1955,10,,1955,10,,72,,,,,,,,,,,9.149004407,,,,
1955-0036-JPN,1955,0036,,Natural,Meteorological,Storm,,,,Japan,JPN,Eastern Asia,Asia,,,,,,,,,,Kph,,,,,1955,2,,1955,2,,198,,,,,,,,,,,9.149004407,,,,
1956-0029-JPN,1956,0029,,Natural,Hydrological,Landslide,Landslide,,,Japan,JPN,Eastern Asia,Asia,,,,,,,,,,,,,,,1956,2,,1956,2,,40,,,,,,,,,,,9.288531531,,,,
1956-0040-JPN,1956,0040,,Natural,Meteorological,Storm,Tropical cyclone,,,Japan,JPN,Eastern Asia,Asia,,,,,,,,,,Kph,,,,,1956,8,,1956,8,,46,,,,,,,,,,,9.288531531,,,,
1956-0048-JPN,1956,0048,,Natural,Meteorological,Storm,,,,Japan,JPN,Eastern Asia,Asia,,,,,,,,,,Kph,,,,,1956,10,,1956,10,,44,,,,,,,,,,,9.288531531,,,,
1957-0039-JPN,1957,0039,,Natural,Meteorological,Storm,Tropical cyclone,,,Japan,JPN,Eastern Asia,Asia,,,,,,,,,,Kph,,,,,1957,9,,1957,9,,109,,,,,,,,,,,9.598904063,,,,
1957-0007-JPN,1957,0007,,Natural,Hydrological,Flood,,,,Japan,JPN,Eastern Asia,Asia,Kyushu Isl.,,,,,,,,,Km2,,,,,1957,7,,1957,7,,992,,258240,,258240,,,,,,,9.598904063,,,,
1958-0011-JPN,1958,0011,,Natural,Meteorological,Storm,Tropical cyclone,,,Japan,JPN,Eastern Asia,Asia,Tokyo,,,,,,,,,Kph,,,,,1958,9,21,1958,9,21,681,,,,,,,,,,,9.860877819,,,,
1958-0012-JPN,1958,0012,,Natural,Meteorological,Storm,Tropical cyclone,,Ida,Japan,JPN,Eastern Asia,Asia,Central Honshu,,,,,,,,,Kph,,,,,1958,9,27,1958,9,27,1175,,,,,,,,,,,9.860877819,,,,
1958-0035-JPN,1958,0035,,Natural,Meteorological,Storm,Tropical cyclone,,,Japan,JPN,Eastern Asia,Asia,,,,,,,,,,Kph,,,,,1958,7,,1958,7,,49,,,,,,,,,,,9.860877819,,,,
1958-0038-JPN,1958,0038,,Natural,Meteorological,Storm,Tropical cyclone,,,Japan,JPN,Eastern Asia,Asia,,,,,,,,,,Kph,,,,,1958,8,,1958,8,,45,,,,,,,,,,,9.860877819,,,,
1959-0013-JPN,1959,0013,,Natural,Meteorological,Storm,Tropical cyclone,,Vera,Japan,JPN,Eastern Asia,Asia,Entire nation,,,,,No,No,,,Kph,,,,,1959,9,26,1959,9,26,5098,,1500000,,1500000,,,,,600000,6023768,9.960542364,,,,
1959-0043-JPN,1959,0043,,Natural,Meteorological,Storm,Tropical cyclone,,,Japan,JPN,Eastern Asia,Asia,,,,,,,,,,Kph,,,,,1959,8,,1959,8,,139,,,,,,,,,,,9.960542364,,,,
1959-0048-JPN,1959,0048,,Natural,Meteorological,Storm,Tropical cyclone,,,Japan,JPN,Eastern Asia,Asia,,,,,,,,,,Kph,,,,,1959,10,,1959,10,,27,,,,,,,,,,,9.960542364,,,,
1959-0037-JPN,1959,0037,,Natural,Hydrological,Flood,,,,Japan,JPN,Eastern Asia,Asia,,,,,,,,,,Km2,,,,,1959,7,,1959,7,,41,,,,,,,,,,,9.960542364,,,,
1960-0016-JPN,1960,0016,,Natural,Geophysical,Earthquake,Tsunami,,,Japan,JPN,Eastern Asia,Asia,"Onagawa, Honshu Island",,Tsunami/Tidal wave,,,No,No,,,Richter,,,,,1960,5,22,1960,5,22,138,,,,,,,,,140000,1385348,10.10576299,,,,
1960-0055-JPN,1960,0055,,Natural,Meteorological,Storm,Tropical cyclone,,,Japan,JPN,Eastern Asia,Asia,,,,,,,,,,Kph,,,,,1960,8,,1960,8,,41,,,,,,,,,,,10.10576299,,,,
1961-0011-JPN,1961,0011,,Natural,Meteorological,Storm,Tropical cyclone,,,Japan,JPN,Eastern Asia,Asia,Honshu + other Isles,,,,,,,,,Kph,,,,,1961,9,16,1961,9,16,202,,,,,,,,,,,10.21396373,,,,
1961-0006-JPN,1961,0006,,Natural,Hydrological,Flood,,,,Japan,JPN,Eastern Asia,Asia,Entire Nation except Hokkaido,,,,,,,,,Km2,,,,,1961,6,,1961,6,,357,,1302249,,1302249,,,,,,,10.21396373,,,,
1961-0051-JPN,1961,0051,,Natural,Meteorological,Storm,,,,Japan,JPN,Eastern Asia,Asia,,,,,,,,,,Kph,,,,,1961,10,,1961,10,,94,,,,,,,,,,,10.21396373,,,,
1962-0028-JPN,1962,0028,,Natural,Hydrological,Flood,,,,Japan,JPN,Eastern Asia,Asia,,,,,,,,,,Km2,,,,,1962,7,,1962,7,,71,,,,,,,,,,,10.33641036,,,,
1963-0081-JPN,1963,0081,,Natural,Meteorological,Storm,Tropical cyclone,,,Japan,JPN,Eastern Asia,Asia,,,,,,,,,,Kph,,,,,1963,9,,1963,9,,,,,,,,,,,,,10.46454239,,,,
1963-0062-JPN,1963,0062,,Natural,Meteorological,Storm,,,,Japan,JPN,Eastern Asia,Asia,,,,,,,,,,Kph,,,,,1963,2,,1963,2,,86,,,,,,,,,,,10.46454239,,,,
1963-0068-JPN,1963,0068,,Natural,Meteorological,Storm,,,,Japan,JPN,Eastern Asia,Asia,,,,,,,,,,Kph,,,,,1963,7,,1963,7,,47,,,,,,,,,,,10.46454239,,,,
1964-0036-JPN,1964,0036,,Natural,Geophysical,Earthquake,Tsunami,,,Japan,JPN,Eastern Asia,Asia,"Niigata, Hodo Isl.",,Tsunami/Tidal wave,,,,,,7,Richter,38.67,139.195,13:01,,1964,6,16,1964,6,16,25,376,35000,,35376,,,5000,47177,800000,7548326,10.59837602,,,,
1964-0042-JPN,1964,0042,,Natural,Hydrological,Landslide,Landslide,,,Japan,JPN,Eastern Asia,Asia,West Coast,,,,,,,,,,,,,,1964,7,18,1964,7,18,108,,,,,,,,,,,10.59837602,,,,
1964-0100-JPN,1964,0100,,Natural,Meteorological,Storm,Tropical cyclone,,,Japan,JPN,Eastern Asia,Asia,,,,,,,,,,Kph,,,,,1964,9,,1964,9,,42,,,,,,,,,,,10.59837602,,,,
1964-0093-JPN,1964,0093,,Natural,Hydrological,Flood,,,,Japan,JPN,Eastern Asia,Asia,,,,,,,,,,Km2,,,,,1964,7,,1964,7,,136,,,,,,,,,,,10.59837602,,,,
1965-0036-JPN,1965,0036,,Natural,Meteorological,Storm,Tropical cyclone,,Dinah,Japan,JPN,Eastern Asia,Asia,,,,,,,,,,Kph,,,,,1965,6,10,1965,6,10,61,,30000,,30000,,,,,,,10.76637873,,,,
1965-0046-JPN,1965,0046,,Natural,Meteorological,Storm,Tropical cyclone,,Jean,Japan,JPN,Eastern Asia,Asia,South,,,,,,,,,Kph,,,,,1965,8,6,1965,8,6,26,40,,,40,,,,,,,10.76637873,,,,
1965-0055-JPN,1965,0055,,Natural,Meteorological,Storm,Tropical cyclone,,Shirley,Japan,JPN,Eastern Asia,Asia,"Shikoku, Honshu",,,,,,,,,Kph,,,,,1965,9,10,1965,9,10,60,730,,,730,,,,,,,10.76637873,,,,
1965-0044-JPN,1965,0044,,Natural,Hydrological,Flood,,,,Japan,JPN,Eastern Asia,Asia,West,,,,,,,,,Km2,,,,,1965,7,20,1965,7,20,28,,,,,,,,,,,10.76637873,,,,
1965-0056-JPN,1965,0056,,Natural,Hydrological,Flood,,,,Japan,JPN,Eastern Asia,Asia,South,,,,,,,,,Km2,,,,,1965,9,18,1965,9,18,114,,3000000,,3000000,,,,,90000,835936,10.76637873,,,,
1966-0052-JPN,1966,0052,,Natural,Meteorological,Storm,Tropical cyclone,,Kit,Japan,JPN,Eastern Asia,Asia,Honshu,,,,,,,,,Kph,,,,,1966,6,28,1966,6,28,44,80,,,80,,,,,,,11.09099715,,,,
1966-0065-JPN,1966,0065,,Natural,Meteorological,Storm,Tropical cyclone,,Alice & Cora,Japan,JPN,Eastern Asia,Asia,Ryukyu Islands,,,,Yes,,,,,Kph,,,,,1966,9,17,1966,9,17,314,41,13764,,13805,,,,,7900,71229,11.09099715,,,,
1967-0045-JPN,1967,0045,,Natural,Meteorological,Storm,Tropical cyclone,,Billie,Japan,JPN,Eastern Asia,Asia,"South West, Western Japan",,,,,,,,,Kph,,,,,1967,7,9,1967,7,9,263,395,2610,,3005,,,,,,,11.39852698,,,,
1967-0069-JPN,1967,0069,,Natural,Meteorological,Storm,Tropical cyclone,,Diana,Japan,JPN,Eastern Asia,Asia,Central region,,,,,,,,,Kph,,,,,1967,10,28,1967,10,28,27,34,45,,79,,,,,,,11.39852698,,,,
1967-0043-JPN,1967,0043,,Natural,Hydrological,Flood,,,,Japan,JPN,Eastern Asia,Asia,Central,,,,,,,,,Km2,,,,,1967,7,7,1967,7,7,347,,,,,,,,,20000,175461,11.39852698,,,,
1967-0054-JPN,1967,0054,,Natural,Hydrological,Flood,,,,Japan,JPN,Eastern Asia,Asia,"Niigata, Yamagata",,,,,,,,,Km2,,,,,1967,8,26,1967,8,26,142,34,117,,151,,,,,,,11.39852698,,,,
1968-0050-JPN,1968,0050,,Natural,Geophysical,Earthquake,Ground movement,,,Japan,JPN,Eastern Asia,Asia,Aomori Prefecture - Hokkaido,,Tsunami/Tidal wave,,,,,,7,Richter,40.5,140.43,,,1968,5,17,1968,5,17,47,281,2500,,2781,,,,,131000,1102188,11.88544651,,,,
1968-0058-JPN,1968,0058,,Natural,Meteorological,Storm,Tropical cyclone,,,Japan,JPN,Eastern Asia,Asia,"Kyushu, Shikoku",,,,,,,,,Kph,,,,,1968,7,28,1968,7,28,22,,,,,,,,,,,11.88544651,,,,
1968-0069-JPN,1968,0069,,Natural,Meteorological,Storm,Tropical cyclone,,,Japan,JPN,Eastern Asia,Asia,"Kagoshima, Makurazaki",,,,,,,,,Kph,,,,,1968,9,,1968,9,,,,,,,,,,,,,11.88544651,,,,
1968-0125-JPN,1968,0125,,Natural,Meteorological,Storm,Tropical cyclone,,,Japan,JPN,Eastern Asia,Asia,"Osaka, Sumoto",,,,,,,,,Kph,,,,,1968,8,,1968,8,,102,,,,,,,,,,,11.88544651,,,,
1969-0075-JPN,1969,0075,,Natural,Meteorological,Storm,,,,Japan,JPN,Eastern Asia,Asia,Kyushu Island,,,,,,,,,Kph,,,,,1969,7,7,1969,7,7,72,,,,,,,,,,,12.53467526,,,,
1971-0047-JPN,1971,0047,,Natural,Meteorological,Storm,Tropical cyclone,,,Japan,JPN,Eastern Asia,Asia,Kyushu Island,,,,,,,,,Kph,,,,,1971,8,5,1971,8,5,135,,,,,,,,,,,13.83598355,,,,
1972-0043-JPN,1972,0043,,Natural,Hydrological,Landslide,Landslide,,,Japan,JPN,Eastern Asia,Asia,Oimawashi,,,,,,,,,,,,,,1972,7,5,1972,7,5,80,,,,,,,,,,,14.288734,,,,
1972-0053-JPN,1972,0053,,Natural,Meteorological,Storm,Tropical cyclone,,Helen,Japan,JPN,Eastern Asia,Asia,Honshu,,,,,,,,,Kph,,,,,1972,9,16,1972,9,16,50,,,,,,,,,,,14.288734,,,,
1972-0147-JPN,1972,0147,,Natural,Hydrological,Flood,,,,Japan,JPN,Eastern Asia,Asia,,,,,,,,,,Km2,,,,,1972,7,3,1972,7,3,458,,,,,,,,,,,14.288734,,,,
1973-0135-JPN,1973,0135,,Natural,Meteorological,Storm,,,,Japan,JPN,Eastern Asia,Asia,,,,,,,,,,Kph,,,,,1973,11,,1973,11,,101,,,,,,,,,,,15.17145282,,,,
1974-0026-JPN,1974,0026,,Natural,Geophysical,Earthquake,Ground movement,,,Japan,JPN,Eastern Asia,Asia,"Izu-Hanto, Nakagi",,Tsunami/Tidal wave,,,,,,7,Richter,34.522,138.74,08:33,,1974,5,9,1974,5,9,30,73,,,73,,,,,,,16.84862911,,,,
1974-0021-JPN,1974,0021,,Natural,Hydrological,Landslide,Landslide,,,Japan,JPN,Eastern Asia,Asia,Okuura,,,,,,,,,,,,,,1974,4,16,1974,4,16,17,,,,,,,,,,,16.84862911,,,,
1974-0035-JPN,1974,0035,,Natural,Meteorological,Storm,Tropical cyclone,,,Japan,JPN,Eastern Asia,Asia,"West, South",,,,,,,,,Kph,,,,,1974,7,6,1974,7,6,33,50,,,50,,,,,,,16.84862911,,,,
1974-0162-JPN,1974,0162,,Natural,Meteorological,Storm,Tropical cyclone,,,Japan,JPN,Eastern Asia,Asia,Yui,,,,,,,,,Kph,,,,,1974,5,29,1974,5,29,143,,,,,,,,,,,16.84862911,,,,
1974-0037-JPN,1974,0037,,Natural,Meteorological,Storm,,,,Japan,JPN,Eastern Asia,Asia,,,,,,,,,,Kph,,,,,1974,7,11,1974,7,11,108,,,,,,,,,400000,2374080,16.84862911,,,,
1975-0140-JPN,1975,0140,,Natural,Hydrological,Landslide,Landslide,,,Japan,JPN,Eastern Asia,Asia,,,,,,,,,,,,,,,1975,8,,1975,8,,30,,,,,,,,,,,18.38912907,,,,
1975-0049-JPN,1975,0049,,Natural,Meteorological,Storm,Tropical cyclone,,Phyllis,Japan,JPN,Eastern Asia,Asia,"Northern, Shikoku",,,,,,,,,Kph,,,,,1975,8,15,1975,8,15,68,52,123,,175,,,,,505000,2746188,18.38912907,,,,
1976-0062-JPN,1976,0062,,Natural,Meteorological,Storm,Tropical cyclone,,Fran,Japan,JPN,Eastern Asia,Asia,Kyushu (Southern),,,,,,,,150,Kph,,,,,1976,9,8,1976,9,8,169,107,325000,,325107,,,,,800000,4114053,19.44554409,,,,
1976-0045-JPN,1976,0045,,Natural,Hydrological,Flood,,,,Japan,JPN,Eastern Asia,Asia,North,,,,,,,,,Km2,,,,,1976,7,,1976,7,,,,,,,,,,,40000,205703,19.44554409,,,,
1977-0103-JPN,1977,0103,,Natural,Geophysical,Volcanic activity,Ash fall,,Mount Usu,Japan,JPN,Eastern Asia,Asia,Sapporo,,,,,,,,,,,,,,1977,8,7,1977,8,7,3,,10000,,10000,,,,,22000,106230,20.7098325,,,,
1977-0092-JPN,1977,0092,,Natural,Meteorological,Storm,Tropical cyclone,,Vera,Japan,JPN,Eastern Asia,Asia,Ryukyus,,,,,,,,,Kph,,,,,1977,7,31,1977,7,31,16,,5000,,5000,,,,,,,20.7098325,,,,
1977-0117-JPN,1977,0117,,Natural,Meteorological,Storm,Tropical cyclone,,Babe,Japan,JPN,Eastern Asia,Asia,Okino-Erabu,,,,,,,,,Kph,,,,,1977,9,12,1977,9,12,16,45,,8000,8045,,,,,,,20.7098325,,,,
1977-0075-JPN,1977,0075,,Natural,Biological,Epidemic,Bacterial disease,,Cholera,Japan,JPN,Eastern Asia,Asia,Arita,,,,,,,,,Vaccinated,,,,,1977,6,,1977,6,,1,,74,,74,,,,,,,20.7098325,,,,
1977-9055-JPN,1977,9055,,Natural,Climatological,Drought,Drought,,,Japan,JPN,Eastern Asia,Asia,Okinawa,,,,,,,,,Km2,,,,,1977,4,,1977,,,,,,,,,,,,,,20.7098325,,,,
1977-0102-JPN,1977,0102,,Natural,Hydrological,Flood,,,,Japan,JPN,Eastern Asia,Asia,"Central, Eastern",,,,,,,,,Km2,,,,,1977,8,6,1977,8,6,5,,,,,,,,,12000,57943,20.7098325,,,,
1978-0027-JPN,1978,0027,,Natural,Geophysical,Earthquake,Ground movement,,,Japan,JPN,Eastern Asia,Asia,"Oshima, Yokohama, Tokkaido",,Tsunami/Tidal wave,,,,,,7,Richter,34.809,139.259,12:24,,1978,1,14,1978,1,14,25,129,1632,255,2016,,,,,,,22.29019504,,,,
1978-0080-JPN,1978,0080,,Natural,Geophysical,Earthquake,Ground movement,,,Japan,JPN,Eastern Asia,Asia,Sendai (Near Esat coast of Honshu),,,,,,,,8,Richter,38.19,142.028,17:14,,1978,6,12,1978,6,12,28,500,2000,,2500,,,2000,8973,865000,3880630,22.29019504,,,,
1978-0114-JPN,1978,0114,,Natural,Meteorological,Storm,Tropical cyclone,,Irma,Japan,JPN,Eastern Asia,Asia,Southwestern,,,,,,,,,Kph,,,,,1978,9,15,1978,9,15,6,100,,3000,3100,,,,,,,22.29019504,,,,
1978-0031-JPN,1978,0031,,Natural,Biological,Epidemic,Viral disease,,Influenza,Japan,JPN,Eastern Asia,Asia,Countrywide,,,,,,,,,Vaccinated,,,,,1978,2,,1978,2,,,,2000000,,2000000,,,,,,,22.29019504,,,,
1978-0075-JPN,1978,0075,,Natural,Hydrological,Flood,,,,Japan,JPN,Eastern Asia,Asia,Niigata,,,,,,,,,Km2,,,,,1978,6,,1978,6,,8,,15000,,15000,,,,,,,22.29019504,,,,
1979-0095-JPN,1979,0095,,Natural,Meteorological,Storm,Tropical cyclone,,Tip,Japan,JPN,Eastern Asia,Asia,Northern,,,,,No,No,,,Kph,,,,,1979,10,20,1979,10,20,71,,,,,,,,,,,24.79884057,,,,
1979-0058-JPN,1979,0058,,Natural,Hydrological,Flood,,,,Japan,JPN,Eastern Asia,Asia,Southwestern,,,,,,,,,Km2,,,,,1979,6,,1979,6,,23,50,28000,,28050,,,,,,,24.79884057,,,,
1980-0092-JPN,1980,0092,,Natural,Geophysical,Earthquake,Ground movement,,,Japan,JPN,Eastern Asia,Asia,"Tokyo, Kanto region",,,,,,,,6,Richter,35.45,139.964,02:54,,1980,9,25,1980,9,25,2,73,,,73,,,,,1000,3551,28.15888663,,,,
1980-0089-JPN,1980,0089,,Natural,Meteorological,Storm,Tropical cyclone,,Orchid,Japan,JPN,Eastern Asia,Asia,Southern,,,,,,,,,Kph,,,,,1980,9,11,1980,9,11,7,33,15000,2000,17033,,,,,,,28.15888663,,,,
1980-0296-JPN,1980,0296,,Natural,Hydrological,Flood,,,,Japan,JPN,Eastern Asia,Asia,South West,,,,,,,,,Km2,,,,,1980,8,30,1980,8,30,20,,,,,,,,,,,28.15888663,,,,
1981-0306-JPN,1981,0306,,Natural,Hydrological,Landslide,Landslide,,,Japan,JPN,Eastern Asia,Asia,,,,,,,,,,,,,,,1981,,,1981,,,40,,,,,,,,,,,31.06902495,,,,
1981-0072-JPN,1981,0072,,Natural,Meteorological,Storm,Tropical cyclone,,Phyllis,Japan,JPN,Eastern Asia,Asia,Hokkaido,,,,,,,,,Kph,,,,,1981,8,6,1981,8,6,7,,40000,22500,62500,,,,,,,31.06902495,,,,
1981-0077-JPN,1981,0077,,Natural,Meteorological,Storm,Tropical cyclone,,Thad,Japan,JPN,Eastern Asia,Asia,"Central, Northern",,,,,,,,,Kph,,,,,1981,8,23,1981,8,23,40,100,20000,,20100,,,,,,,31.06902495,,,,
1981-0273-JPN,1981,0273,,Natural,Meteorological,Storm,,,,Japan,JPN,Eastern Asia,Asia,,,,,,,,,,Kph,,,,,1981,1,8,1981,1,8,33,,,,,,,,,,,31.06902495,,,,
1981-0289-JPN,1981,0289,,Natural,Meteorological,Storm,,,,Japan,JPN,Eastern Asia,Asia,,,,,,,,,,Kph,,,,,1981,2,,1981,2,,83,,,,,,,,,,,31.06902495,,,,
1982-0036-JPN,1982,0036,,Natural,Geophysical,Earthquake,Ground movement,,,Japan,JPN,Eastern Asia,Asia,"Hokkaido, Urakawa, Hiroo",,Tsunami/Tidal wave,,,,,,7,Richter,42.158,142.361,11:32,,1982,3,21,1982,3,21,110,100,1000,,1100,,,,,1000,3033,32.97399781,,,,
1982-0090-JPN,1982,0090,,Natural,Meteorological,Storm,Tropical cyclone,,Bess,Japan,JPN,Eastern Asia,Asia,Honshu,,,,,,,,,Kph,,,,,1982,8,2,1982,8,2,80,150,3000,,3150,,,,,137000,415479,32.97399781,,,,
1982-0092-JPN,1982,0092,,Natural,Meteorological,Storm,Tropical cyclone,,Ellis,Japan,JPN,Eastern Asia,Asia,Kyushu,,,,,,,,,Kph,,,,,1982,8,25,1982,8,25,12,,,5000,5000,,,,,18000,54588,32.97399781,,,,
1982-0099-JPN,1982,0099,,Natural,Meteorological,Storm,Tropical cyclone,,Judy,Japan,JPN,Eastern Asia,Asia,Central,,,,,,,,,Kph,,,,,1982,9,2,1982,9,2,26,102,,,102,,,,,57000,172863,32.97399781,,,,
1982-0086-JPN,1982,0086,,Natural,Hydrological,Flood,,,,Japan,JPN,Eastern Asia,Asia,Nagasaki,,,,,,,,,Km2,,,,,1982,7,23,1982,7,23,345,347,27000,,27347,,,,,32000,97046,32.97399781,,,,
1982-0365-JPN,1982,0365,,Natural,Meteorological,Storm,,,,Japan,JPN,Eastern Asia,Asia,Nagasaki,,,,,,,,,Kph,,,,,1982,7,3,1982,7,3,100,,,140000,140000,,,,,,,32.97399781,,,,
1983-0437-JPN,1983,0437,,Natural,Geophysical,Earthquake,Ground movement,,,Japan,JPN,Eastern Asia,Asia,Near South coast Honshu,,"Slide (land, mud, snow, rock)",,,,,,5,Richter,35.5,139.07,12:47,,1983,8,8,1983,8,8,1,28,,,28,,,,,,,34.03326363,,,,
1983-0081-JPN,1983,0081,,Natural,Geophysical,Earthquake,Tsunami,,,Japan,JPN,Eastern Asia,Asia,"Nihon- Kai-Chubu, Western Honshu, Akita, Aomori, Hokkaido",,Tsunami/Tidal wave,,,,,,8,Richter,40.462,139.102,11:59,,1983,5,26,1983,5,26,102,77,,,77,,,,,416000,1222334,34.03326363,,,,
1983-0536-JPN,1983,0536,,Natural,Meteorological,Storm,,,,Japan,JPN,Eastern Asia,Asia,,,Cold wave,,,No,No,,,Kph,,,,,1983,12,,1984,1,,131,,,,,,,,,,,34.03326363,,,,
1983-0130-JPN,1983,0130,,Natural,Geophysical,Volcanic activity,Ash fall,,Mount Oyama,Japan,JPN,Eastern Asia,Asia,Miyake-Jima Island,,,,,,,,,,,,,,1983,10,3,1983,10,3,,,4500,1100,5600,,,,,,,34.03326363,,,,
1983-0525-JPN,1983,0525,,Natural,Hydrological,Landslide,Landslide,,,Japan,JPN,Eastern Asia,Asia,,,,,,,,,,,,,,,1983,,,1983,,,70,,,,,,,,,,,34.03326363,,,,
1983-0123-JPN,1983,0123,,Natural,Meteorological,Storm,Tropical cyclone,,Forest,Japan,JPN,Eastern Asia,Asia,Western Japan,,,,,,,,,Kph,,,,,1983,9,28,1983,9,28,44,78,,,78,,,,,,,34.03326363,,,,
1983-0098-JPN,1983,0098,,Natural,Hydrological,Landslide,Mudslide,,,Japan,JPN,Eastern Asia,Asia,Western Honshu,,,,,,,,,,,,,,1983,7,24,1983,7,24,117,88,25000,,25088,,,,,,,34.03326363,,,,
1984-0084-JPN,1984,0084,,Natural,Geophysical,Earthquake,Ground movement,,,Japan,JPN,Eastern Asia,Asia,"Honshu, Nagano prefecture (Honshu)",,"Slide (land, mud, snow, rock)",,,No,No,,7,Richter,36.39 N,138.10 E,,,1984,9,14,1984,9,14,20,,,,,,,,,43000,121137,35.49688113,,,,
1984-0335-JPN,1984,0335,,Natural,Geophysical,Earthquake,Ground movement,,,Japan,JPN,Eastern Asia,Asia,Kyushu (Shikoku Island),,Tsunami/Tidal wave,,,No,No,,7,Richter,32.50 N,130.42 E,,,1984,8,6,1984,8,6,,9,,,9,,,,,,,35.49688113,,,,
1984-0410-JPN,1984,0410,,Natural,Hydrological,Landslide,Landslide,,,Japan,JPN,Eastern Asia,Asia,,,,,,,,,,,,,,,1984,,,1984,,,14,,,,,,,,,,,35.49688113,,,,
1985-0079-JPN,1985,0079,,Natural,Meteorological,Storm,Tropical cyclone,,Typhoon Irma,Japan,JPN,Eastern Asia,Asia,Central,,,,,No,No,,,Kph,,,,,1985,6,15,1985,7,1,19,,30000,,30000,,,,,,,36.75546794,,,,
1985-0375-JPN,1985,0375,,Natural,Meteorological,Storm,Tropical cyclone,,Pat,Japan,JPN,Eastern Asia,Asia,"Kyushu, Hokkaiso Isl.",,,,,,,,,Kph,,,,,1985,9,1,1985,9,1,30,200,,,200,,,,,99500,270708,36.75546794,,,,
1986-0048-JPN,1986,0048,,Natural,Meteorological,Storm,Convective storm,Winter storm/Blizzard,,Japan,JPN,Eastern Asia,Asia,,,,,,,,,,Kph,,,,,1986,4,,1986,4,,,294,,,294,,,,,,,37.45311166,,,,
1986-0135-JPN,1986,0135,,Natural,Geophysical,Volcanic activity,Ash fall,,Mount Mihara,Japan,JPN,Eastern Asia,Asia,Oshima Island,,,,,,,,,,,,,,1986,11,21,1986,11,21,,,13000,,13000,,,,,,,37.45311166,,,,
1986-0395-JPN,1986,0395,,Natural,Hydrological,Landslide,Avalanche,,,Japan,JPN,Eastern Asia,Asia,Maseguchi,,,,,,,,,,,,,,1986,1,26,1986,1,26,13,,,,,,,,,,,37.45311166,,,,
1986-0293-JPN,1986,0293,,Natural,Hydrological,Landslide,Landslide,,,Japan,JPN,Eastern Asia,Asia,,,,,,,,,,,,,,,1986,7,10,1986,7,10,20,,,,,,,,,,,37.45311166,,,,
1986-0097-JPN,1986,0097,,Natural,Meteorological,Storm,Tropical cyclone,,Sarah,Japan,JPN,Eastern Asia,Asia,"Northern, Central",,,,,No,No,,,Kph,,,,,1986,8,4,1986,8,4,17,64,2000,,2064,,,102200,272875,2200000,5874011,37.45311166,,,,
1986-0391-JPN,1986,0391,,Natural,Hydrological,Flood,,,,Japan,JPN,Eastern Asia,Asia,,,,,,,,,,Km2,,,,,1986,,,1986,,,14,,162000,,162000,,,,,,,37.45311166,,,,
1987-0229-JPN,1987,0229,,Natural,Geophysical,Earthquake,Ground movement,,,Japan,JPN,Eastern Asia,Asia,Chiba prefecture (Near Tokyo),,,,,,,,6,Richter,35.38,140.214,11:08,,1987,12,17,1987,12,17,2,53,22599,,22652,,,,,,,38.82560081,,,,
1987-0193-JPN,1987,0193,,Natural,Meteorological,Storm,Tropical cyclone,,Kelly,Japan,JPN,Eastern Asia,Asia,"Shikoku, Honshu",,,,,,,,,Kph,,,,,1987,10,16,1987,10,16,8,10,65000,,65010,,,,,,,38.82560081,,,,
1988-0696-JPN,1988,0696,,Natural,Hydrological,Flood,Riverine flood,,,Japan,JPN,Eastern Asia,Asia,,,,,,,,,,Km2,,,,,1988,7,9,1988,7,9,27,,,,,,,,,,,40.40880605,,,,
1989-0583-JPN,1989,0583,,Natural,Hydrological,Landslide,Landslide,,,Japan,JPN,Eastern Asia,Asia,,,,,,,,,,,,,,,1989,,,1989,,,18,,,,,,,,,,,42.35934309,,,,
1989-0161-JPN,1989,0161,,Natural,Meteorological,Storm,Tropical cyclone,,,Japan,JPN,Eastern Asia,Asia,Tokyo,,,,,,,,,Kph,,,,,1989,8,,1989,8,,15,,,,,,,,,,,42.35934309,,,,
1989-0457-JPN,1989,0457,,Natural,Meteorological,Storm,Tropical cyclone,,Sarah,Japan,JPN,Eastern Asia,Asia,,,,,,,,,,Kph,,,,,1989,9,10,1989,9,10,,,,,,,,,,,,42.35934309,,,,
1989-0569-JPN,1989,0569,,Natural,Hydrological,Flood,,,,Japan,JPN,Eastern Asia,Asia,,,,,,,,,,Km2,,,,,1989,,,1989,,,10,,,,,,,,,,,42.35934309,,,,
1990-0155-JPN,1990,0155,,Natural,Meteorological,Storm,Convective storm,Tornado,,Japan,JPN,Eastern Asia,Asia,"Mobara, Chiba",,,,,,,,,Kph,,,,,1990,12,12,1990,12,12,,78,87700,,87778,,,,,13000,29118,44.64587744,,,,
1990-0572-JPN,1990,0572,,Natural,Hydrological,Flood,Riverine flood,,,Japan,JPN,Eastern Asia,Asia,Kyushu,,,,,No,No,,,Km2,,,,,1990,6,25,1990,7,4,27,81,,507,588,,,36200,81083,1700000,3807742,44.64587744,,,,
1990-0407-JPN,1990,0407,,Natural,Meteorological,Storm,Tropical cyclone,,Flo,Japan,JPN,Eastern Asia,Asia,Honshu,,,,,No,No,,,Kph,,,,,1990,9,17,1990,9,20,40,,60000,,60000,,,269900,604535,4000000,8959394,44.64587744,,,,
1991-0228-JPN,1991,0228,,Natural,Geophysical,Volcanic activity,Ash fall,,Unzen,Japan,JPN,Eastern Asia,Asia,Kyushu Island,,,,,No,No,,,,32.75 N,130.3 E,,,1991,6,3,1991,6,8,43,20,10000,,10020,,,,,10000,21488,46.53662061,,,,
1991-0384-JPN,1991,0384,,Natural,Meteorological,Storm,Tropical cyclone,,Gladys,Japan,JPN,Eastern Asia,Asia,Kyushu Isl.,,,,,,,,100,Kph,,,,,1991,8,20,1991,8,20,11,,,,,,,3000,6447,5000,10744,46.53662061,,,,
1991-0526-JPN,1991,0526,,Natural,Meteorological,Storm,Tropical cyclone,,Caitlin,Japan,JPN,Eastern Asia,Asia,,,,,,,,,,Kph,,,,,1991,7,26,1991,7,26,,,,,,,,,,81500,175131,46.53662061,,,,
1991-0536-JPN,1991,0536,,Natural,Meteorological,Storm,Tropical cyclone,,Kinna,Japan,JPN,Eastern Asia,Asia,"Nago Bay, Okinawa",,,,,,,,,Kph,,,,,1991,9,14,1991,9,14,6,,,,,,,272000,584486,,,46.53662061,,,,
1991-0537-JPN,1991,0537,,Natural,Meteorological,Storm,Tropical cyclone,,Luke,Japan,JPN,Eastern Asia,Asia,Chiba prefecture,,,,,,,,,Kph,,,,,1991,9,19,1991,9,19,18,,,,,,,54000,116038,,,46.53662061,,,,
1991-0539-JPN,1991,0539,,Natural,Meteorological,Storm,Tropical cyclone,,Mireille (n°19),Japan,JPN,Eastern Asia,Asia,"Hiroshima, Kure districts (Kyushu Isl.)",,,,,No,No,,,Kph,,,,,1991,9,27,1991,9,27,66,777,90000,351,91128,,,5400000,11603765,10000000,21488453,46.53662061,,,,
1992-0252-JPN,1992,0252,,Natural,Geophysical,Earthquake,Ground movement,,,Japan,JPN,Eastern Asia,Asia,Kanto area (Tokyo),,,,,No,No,,6,Richter,35.106 N,139.644 E,,,1992,2,2,1992,2,2,,32,,,32,,,,,,,47.94612964,,,,
1992-0103-JPN,1992,0103,,Natural,Geophysical,Volcanic activity,Ash fall,,Unzen,Japan,JPN,Eastern Asia,Asia,Shimabara (Kyushu Isl.),,,,,No,No,,,,32.75 N,130.3 E,,,1992,4,17,1992,4,17,,,40000,,40000,,,,,,,47.94612964,,,,
1992-0314-JPN,1992,0314,,Natural,Meteorological,Storm,Tropical cyclone,,Yancy,Japan,JPN,Eastern Asia,Asia,Kyushu Isl.,,,,,,,,180,Kph,,,,,1992,9,3,1992,9,3,11,86,,,86,,,,,,,47.94612964,,,,
1992-0174-JPN,1992,0174,,Natural,Meteorological,Storm,,,,Japan,JPN,Eastern Asia,Asia,"Kanagawa, Chiba, Saitama prefectures (Tokyo)",,,,,No,No,,100,Kph,,,,,1992,1,31,1992,1,31,,348,,,348,,,7800,16268,,,47.94612964,,,,
1993-0044-JPN,1993,0044,,Natural,Geophysical,Earthquake,Tsunami,,Tsunami,Japan,JPN,Eastern Asia,Asia,Okushiri Island (Hokkaido),,Fire,Tsunami/Tidal wave,,No,No,,8,Richter,42.851 N,139.197 E,,,1993,7,12,1993,7,12,239,233,5502,1620,7355,,,16000,32414,1000000,2025877,49.36133216,,,,
1993-0097-JPN,1993,0097,,Natural,Geophysical,Earthquake,Ground movement,,,Japan,JPN,Eastern Asia,Asia,Near Kushiro (Hokkaido),,"Slide (land, mud, snow, rock)",,,No,No,,8,Richter,43.300 N,143.691 E,,,1993,1,15,1993,1,15,2,722,9800,,10522,,,,,358000,725264,49.36133216,,,,
1993-0577-JPN,1993,0577,,Natural,Meteorological,Storm,Convective storm,Winter storm/Blizzard,,Japan,JPN,Eastern Asia,Asia,Mountainous areas,,,,,,,,,Kph,,,,,1993,5,5,1993,5,5,18,,,,,,,,,,,49.36133216,,,,
1993-0175-JPN,1993,0175,,Natural,Geophysical,Volcanic activity,Ash fall,,Unzen,Japan,JPN,Eastern Asia,Asia,Nagasaki,,,,,No,No,,,,32.75 N,130.3 E,,,1993,6,23,1993,6,23,1,,4930,,4930,,,,,,,49.36133216,,,,
1993-0192-JPN,1993,0192,,Natural,Hydrological,Landslide,Landslide,,,Japan,JPN,Eastern Asia,Asia,Kagoshina,,,,,,,,,,,,,,1993,8,6,1993,8,6,56,35,,,35,,,,,210000,425434,49.36133216,,,,
1993-0079-JPN,1993,0079,,Natural,Meteorological,Storm,Tropical cyclone,,Yancy,Japan,JPN,Eastern Asia,Asia,Okinawa and neigbouring isl.,,,,,No,No,,180,Kph,,,,,1993,9,5,1993,9,5,48,208,30255,,30463,,,896000,1815186,1300000,2633640,49.36133216,,,,
1993-0473-JPN,1993,0473,,Natural,Meteorological,Storm,Tropical cyclone,,Robyn,Japan,JPN,Eastern Asia,Asia,,,,,,No,No,,,Kph,,,,,1993,8,8,1993,8,10,47,,,,,,,225000,455822,450000,911645,49.36133216,,,,
1993-0185-JPN,1993,0185,,Natural,Hydrological,Landslide,Mudslide,,,Japan,JPN,Eastern Asia,Asia,Kagoshima City,,,,,,,,,,,,,,1993,7,7,1993,7,7,27,35,,,35,,,,,,,49.36133216,,,,
1993-0149-JPN,1993,0149,,Natural,Hydrological,Flood,,,,Japan,JPN,Eastern Asia,Asia,Shimabara (Nagasaki prefecture),,,,,,,,,Km2,,,,,1993,4,29,1993,4,29,,,4800,,4800,,,,,,,49.36133216,,,,
1994-0343-JPN,1994,0343,,Natural,Geophysical,Earthquake,Ground movement,,,Japan,JPN,Eastern Asia,Asia,East coast of Hokaido Isl.,,Tsunami/Tidal wave,,,No,No,,8,Richter,45.10 N,147.51 E,,,1994,10,4,1994,10,4,5,1500,,,1500,,,11700,23100,,,50.64840266,,,,
1994-0302-JPN,1994,0302,,Natural,Meteorological,Storm,Convective storm,Winter storm/Blizzard,,Japan,JPN,Eastern Asia,Asia,Tokyo,,,,,,,,,Kph,,,,,1994,2,12,1994,2,12,,120,,,120,,,,,,,50.64840266,,,,
1994-0316-JPN,1994,0316,,Natural,Geophysical,Earthquake,Ground movement,,,Japan,JPN,Eastern Asia,Asia,Hachinohe (North-East Honshu),,,,,No,No,,8,Richter,40.5 N,143.4 E,,,1994,12,28,1994,12,28,2,285,,,285,,,,,170400,336437,50.64840266,,,,
1994-0198-JPN,1994,0198,,Natural,Meteorological,Storm,Tropical cyclone,,Fred (9416),Japan,JPN,Eastern Asia,Asia,,,,,,No,No,,,Kph,,,,,1994,8,21,1994,8,24,,,,,,,,,,6000,11846,50.64840266,,,,
1994-0787-JPN,1994,0787,,Natural,Meteorological,Storm,Tropical cyclone,,Orchid,Japan,JPN,Eastern Asia,Asia,Osaka,,,,,No,No,,,Kph,,,,,1994,9,29,1994,9,30,3,7,,,7,,,199100,393102,,,50.64840266,,,,
1995-0484-JPN,1995,0484,,Natural,Meteorological,Storm,Tropical cyclone,,Oscar,Japan,JPN,Eastern Asia,Asia,"Hachijo Isl., Miyake Isl., Tokyo region",,Flood,"Slide (land, mud, snow, rock)",,No,No,,,Kph,,,,,1995,9,15,1995,9,18,3,,500,,500,,,,,9600,18437,52.06929869,,,,
1995-0016-JPN,1995,0016,,Natural,Geophysical,Earthquake,Ground movement,,,Japan,JPN,Eastern Asia,Asia,"Kobe, Osaka, Hyigo, Kyoto prefecture",,Fire,,,No,No,13557,7,Richter,34.58 N,135.0 E,05:46,,1995,1,17,1995,1,17,5297,34492,255843,251301,541636,,,3000000,5761553,100000000,192051751,52.06929869,,,,
1995-0449-JPN,1995,0449,,Natural,Geophysical,Earthquake,Ground movement,,,Japan,JPN,Eastern Asia,Asia,Niigata (Eastern Honshu),,,,,No,No,,5,Richter,37.925 N,139.186 E,,,1995,4,1,1995,4,1,,39,1512,,1551,,,,,,,52.06929869,,,,
1995-0146-JPN,1995,0146,,Natural,Hydrological,Flood,,,,Japan,JPN,Eastern Asia,Asia,"Niigata, Toyama and neighbouring Nagano Prefecture (central and western Japan)",,,,,,,,,Km2,,,,,1995,7,,1995,7,,,,12000,,12000,,,,,74300,142694,52.06929869,,,,
1996-0299-JPN,1996,0299,,Natural,Hydrological,Landslide,Landslide,,,Japan,JPN,Eastern Asia,Asia,Central Region,,,,,,,,,,,,,,1996,12,6,1996,12,6,14,3,,,3,,,,,,,53.59556085,,,,
1996-0347-JPN,1996,0347,,Natural,Meteorological,Storm,Tropical cyclone,,Kirk,Japan,JPN,Eastern Asia,Asia,Kyushu Isl.,,,,,,,,210,Kph,,,,,1996,8,14,1996,8,14,6,74,5400,264,5738,,,,,,,53.59556085,,,,
1997-0145-JPN,1997,0145,,Natural,Hydrological,Landslide,Landslide,,,Japan,JPN,Eastern Asia,Asia,Harihara (Kyushu),,,,,,,,,,,,,,1997,7,10,1997,7,10,21,15,,,15,,,,,,,54.84845417,,,,
1997-0180-JPN,1997,0180,,Natural,Meteorological,Storm,Tropical cyclone,,Winnie,Japan,JPN,Eastern Asia,Asia,,,,,,No,No,,,Kph,,,,,1997,8,18,1997,8,19,3,,,,,,,,,100000,182321,54.84845417,,,,
1997-0214-JPN,1997,0214,,Natural,Meteorological,Storm,Tropical cyclone,,Oliwa,Japan,JPN,Eastern Asia,Asia,Kyushu Isl.,,,,,,,,125,Kph,,,,,1997,9,16,1997,9,16,4,,67000,,67000,,,,,,,54.84845417,,,,
1997-0500-JPN,1997,0500,,Natural,Biological,Epidemic,Bacterial disease,,Campylobacter,Japan,JPN,Eastern Asia,Asia,"Tokyo,Yokohama,Nagoya (cities)",,,,,,,,,Vaccinated,,,,,1997,10,8,1997,10,8,,,460,,460,,,,,,,54.84845417,,,,
1998-0248-JPN,1998,0248,,Natural,Hydrological,Flood,Coastal flood,,,Japan,JPN,Eastern Asia,Asia,"Fukushima, Ibaraki, Tochigi, Saitama, Shizuoka prefectures",,,,,,,,,Km2,,,,,1998,8,26,1998,8,26,16,33,24000,,24033,,,,,,,55.69986281,,,,
1998-0254-JPN,1998,0254,,Natural,Hydrological,Landslide,Landslide,,,Japan,JPN,Eastern Asia,Asia,Gifu Prefecture,,,,,,,,,,,,,,1998,8,12,1998,8,12,,,130,,130,,,,,,,55.69986281,,,,
1998-0278-JPN,1998,0278,,Natural,Meteorological,Storm,Tropical cyclone,,Rex,Japan,JPN,Eastern Asia,Asia,Fukushima Prefecture,,,,,,,,126,Kph,,,,,1998,8,27,1998,8,27,14,40,40000,,40040,,,,,,,55.69986281,,,,
1998-0297-JPN,1998,0297,,Natural,Meteorological,Storm,Tropical cyclone,,Vicky (7) and Waldo (8),Japan,JPN,Eastern Asia,Asia,"Honshu, Hokkaido",,,,,No,No,,160,Kph,,,,,1998,9,22,1998,9,22,12,258,,,258,,,62100,111490,3000000,5386010,55.69986281,,,,
1998-0311-JPN,1998,0311,,Natural,Meteorological,Storm,Tropical cyclone,,Zeb,Japan,JPN,Eastern Asia,Asia,Hiroshima Prefecture,,,,,No,No,,280,Kph,,,,,1998,10,13,1998,10,18,12,43,,,43,,,,,335500,602335,55.69986281,,,,
1998-0328-JPN,1998,0328,,Natural,Meteorological,Storm,Tropical cyclone,,Stella,Japan,JPN,Eastern Asia,Asia,N.A. on the source,,,,,,,,,Kph,,,,,1998,9,18,1998,9,18,2,23,9000,,9023,,,,,,,55.69986281,,,,
1998-0004-JPN,1998,0004,,Natural,Meteorological,Storm,,,,Japan,JPN,Eastern Asia,Asia,Tokyo,,,,,,,,,Kph,,,,,1998,1,9,1998,1,9,1,500,,,500,,,,,,,55.69986281,,,,
1999-0326-JPN,1999,0326,,Natural,Meteorological,Storm,Tropical cyclone,,Bart,Japan,JPN,Eastern Asia,Asia,"Kyushu, Honshu",,Flood,"Slide (land, mud, snow, rock)",,No,No,,238,Kph,,,,,1999,9,22,1999,9,22,26,438,20000,6900,27338,,,3500000,6149134,5000000,8784477,56.91858704,,,,
1999-0243-JPN,1999,0243,,Natural,Hydrological,Flood,Riverine flood,,,Japan,JPN,Eastern Asia,Asia,"Kobe, Nagasaki, Fukuoka (Hiroshima State)",Heavy rain,,,,No,No,,,Km2,,,,,1999,6,28,1999,6,30,45,28,24000,111,24139,,,,,107000,187988,56.91858704,,,,
1999-0356-JPN,1999,0356,,Natural,Hydrological,Flood,Riverine flood,,,Japan,JPN,Eastern Asia,Asia,Tokyo,,,,,,,,,Km2,,,,,1999,8,14,1999,8,14,15,,,,,,,,,,,56.91858704,,,,
2000-0656-JPN,2000,0656,,Natural,Geophysical,Earthquake,Ground movement,,,Japan,JPN,Eastern Asia,Asia,"Aimityoo, Kisimototyoo, Mizokutityoo, Saihakutyoo, Daisentyoo, Nawatyoo, Nakayamatyoo, Hieduson districts (Tottori province), Simane, Okayama provinces",,"Slide (land, mud, snow, rock)",,,,,,7,Richter,35.456,133.134,13:35,,2000,10,6,2000,10,6,,130,6690,312,7132,,,150000,254926,500000,849753,58.84064849,1;2,1680;1686,36345;36349;36352;36360;36366;36368;36369;36371,"Okayama, Simane (Adm1). Aimityoo, Daisentyoo, Hieduson, Kisimototyoo, Mizokutityoo, Nakayamatyoo, Nawatyoo, Saihakutyoo (Adm2)."
2000-0606-JPN,2000,0606,,Natural,Hydrological,Flood,Coastal flood,,,Japan,JPN,Eastern Asia,Asia,"Aiti, Sizuoka, Mie, Gifu provinces",Tropical cyclone,"Slide (land, mud, snow, rock)",,,,,,,Km2,,,,"Shonai, Shin, Kiso, Ishigase, 8 rivers in Aichi prefecture",2000,9,10,2000,9,17,18,110,360000,,360110,,,990000,1682510,7440000,12644320,58.84064849,1,1651;1658;1672;1687,,"Aiti, Gifu, Mie, Sizuoka (Adm1)."
2000-0274-JPN,2000,0274,,Natural,Meteorological,Storm,Convective storm,Hail,,Japan,JPN,Eastern Asia,Asia,"Tiba, Ibaraki provinces",,Hail,,,,,,,Kph,,,,,2000,5,24,2000,5,24,,100,12000,,12100,,,290000,492857,350000,594827,58.84064849,1,1663;1693,,"Ibaraki, Tiba (Adm1)."
2000-0428-JPN,2000,0428,,Natural,Geophysical,Earthquake,Ground movement,,,Japan,JPN,Eastern Asia,Asia,"Koodusimamura, Niizimamura districts (Tookyoo province)",,,,,,,,6,Richter,34.221,139.131,16:02,,2000,7,1,2000,7,1,1,,100,,100,,,,,,,58.84064849,2,,36308;36323,"Koodusimamura, Niizimamura (Adm2)."
2000-0176-JPN,2000,0176,,Natural,Geophysical,Volcanic activity,Ash fall,,Mt. Isu,Japan,JPN,Eastern Asia,Asia,"Abutatyoo, Datesi, Soobetutyoo districts (Hokkaidoo province)",,,,,,,,,,34.92,139.12,,,2000,3,31,2000,4,13,,,12400,,12400,,,,,,,58.84064849,2,,34168;34187;34341,"Abutatyoo, Datesi, Soobetutyoo (Adm2)."
2000-0515-JPN,2000,0515,,Natural,Geophysical,Volcanic activity,Ash fall,,Mt. Oyama,Japan,JPN,Eastern Asia,Asia,Miyakemura district (Tookyoo province),,,,,,,,,,,,,,2000,8,10,2000,8,10,,,4000,,4000,,,,,,,58.84064849,2,,36316,Miyakemura (Adm2).
2000-0447-JPN,2000,0447,,Natural,Meteorological,Storm,Tropical cyclone,,Kirogi,Japan,JPN,Eastern Asia,Asia,Tookyoo province,,,,,,,,126,Kph,,,,,2000,7,8,2000,7,9,4,,900,,900,,,200000,339901,300000,509852,58.84064849,1,1690,,Tookyoo (Adm1).
2000-0576-JPN,2000,0576,,Natural,Meteorological,Storm,Tropical cyclone,,Saomai,Japan,JPN,Eastern Asia,Asia,"Aiti, Mie, Gifu provinces",,,,,,,,160,Kph,,,,,2000,9,11,2000,9,14,9,41,180000,,180041,,,1050000,1784481,1400000,2379308,58.84064849,1,1651;1658;1672,,"Aiti, Gifu, Mie (Adm1)."
2001-0085-JPN,2001,0085,,Natural,Meteorological,Storm,,,,Japan,JPN,Eastern Asia,Asia,"Tiba, Ibaraki, Kanagawa, Tookyoo province",,,,,,,,,Kph,,,,,2001,1,20,2001,1,20,5,300,,,300,,,,,,,60.50357889,1,1663;1668;1690;1693,,"Ibaraki, Kanagawa, Tiba, Tookyoo (Adm1)."
2001-0123-JPN,2001,0123,,Natural,Geophysical,Earthquake,Ground movement,,,Japan,JPN,Eastern Asia,Asia,"Hirosima, Ehime provinces",,,,,,,,7,Richter,34.083,132.526,15:28,,2001,3,24,2001,3,24,2,161,11100,,11261,,,128000,211558,500000,826397,60.50357889,1,1654;1660,,"Ehime, Hirosima (Adm1)."
2001-0454-JPN,2001,0454,,Natural,Meteorological,Storm,Tropical cyclone,,Pabuk,Japan,JPN,Eastern Asia,Asia,"Siga, Aiti, Oosaka, Ehime, Mie provinces",,,,,,,,109,Kph,,,,,2001,8,21,2001,8,23,9,40,7000,,7040,,,500000,826397,800000,1322236,60.50357889,1,1651;1654;1672;1682;1685,,"Aiti, Ehime, Mie, Oosaka, Siga (Adm1)."
2001-0511-JPN,2001,0511,,Natural,Meteorological,Storm,Tropical cyclone,,Danas,Japan,JPN,Eastern Asia,Asia,Tookyoo province,,,,,,,,126,Kph,,,,,2001,9,10,2001,9,13,7,15,1200,,1215,,,300000,495838,500000,826397,60.50357889,1,1690,,Tookyoo (Adm1).
2001-0350-JPN,2001,0350,,Natural,Hydrological,Flood,,,,Japan,JPN,Eastern Asia,Asia,"Matuyamasi district (Ehime province), Iidukasi district (Hukuoka province)",,,,,,,,,Km2,,,,,2001,6,,2001,6,,1,,138,,138,,,,,,,60.50357889,2,,33636;33735,"Iidukasi, Matuyamasi (Adm2)."
2001-0476-JPN,2001,0476,,Natural,Meteorological,Storm,,,,Japan,JPN,Eastern Asia,Asia,"Hukuoka, Kagosima, Kumamoto, Miyazaki, Nagasaki, Ooita, Saga, Okinawa provinces",,,,,,,,,Kph,,,,,2001,6,20,2001,6,20,1,13,1308,12,1333,,,,,,,60.50357889,1,1656;1667;1670;1674;1676;1679;1681;1683,,"Hukuoka, Kagosima, Kumamoto, Miyazaki, Nagasaki, Okinawa, Ooita, Saga (Adm1)."
2002-0430-JPN,2002,0430,,Natural,Meteorological,Storm,Tropical cyclone,,Halong,Japan,JPN,Eastern Asia,Asia,"Okinawa, Kagosima, Isikawa provinces",,,,,,,,108,Kph,,,,,2002,7,15,2002,7,15,,9,570,,579,,,,,,,61.46318826,1,1664;1667;1681,,"Isikawa, Kagosima, Okinawa (Adm1)."
2002-0431-JPN,2002,0431,,Natural,Meteorological,Storm,Tropical cyclone,,Chata'an,Japan,JPN,Eastern Asia,Asia,Hokkaidoo province,,,,,,,,,Kph,,,,,2002,7,5,2002,7,5,5,18,100000,,100018,,,,,5000,8135,61.46318826,1,1661,,Hokkaidoo (Adm1).
2002-0181-JPN,2002,0181,,Natural,Climatological,Wildfire,Forest fire,,,Japan,JPN,Eastern Asia,Asia,"Matsumoto city (Nagano province), Tookyoo province",,,,,,,,2,Km2,,,,,2002,3,22,2002,3,22,,,222,,222,,,,,,,61.46318826,1,1675;1690,,"Nagano, Tookyoo (Adm1)."
2002-0406-JPN,2002,0406,,Natural,Meteorological,Storm,,,Rammasun,Japan,JPN,Eastern Asia,Asia,Okinawa province,,,,,,,,,Kph,,,,,2002,7,5,2002,7,7,1,,,,,,,,,500,813,61.46318826,1,1681,,Okinawa (Adm1).
2002-0570-JPN,2002,0570,,Natural,Meteorological,Storm,,,Sinlaku,Japan,JPN,Eastern Asia,Asia,Okinawa province,,,,,,,,,Kph,,,,,2002,9,4,2002,9,8,1,,,,,,,,,20000,32540,61.46318826,1,1681,,Okinawa (Adm1).
2002-0825-JPN,2002,0825,,Natural,Meteorological,Storm,,,,Japan,JPN,Eastern Asia,Asia,Tookyoo province,,,,,,,,,Kph,,,,,2002,12,9,2002,12,9,,228,,,228,,,,,,,61.46318826,1,1690,,Tookyoo (Adm1).
2003-0249-JPN,2003,0249,,Natural,Geophysical,Earthquake,Ground movement,,,Japan,JPN,Eastern Asia,Asia,"Iwate, Miyagi, Yamagata, Akita, Aomori provinces",,Fire,"Slide (land, mud, snow, rock)",,,,,7,Richter,38.849,141.568,18:24,,2003,5,26,2003,5,26,,143,2160,,2303,,,87000,138406,233000,370674,62.8584595,1,1652;1653;1665;1673;1695,,"Akita, Aomori, Iwate, Miyagi, Yamagata (Adm1)."
2003-0476-JPN,2003,0476,,Natural,Geophysical,Earthquake,Ground movement,,,Japan,JPN,Eastern Asia,Asia,Hokkaidoo province,,Fire,Tsunami/Tidal wave,,,,,7,Richter,41.774,143.593,04:50,,2003,9,25,2003,9,25,2,773,,,773,,,87000,138406,563000,895663,62.8584595,1,1661,,Hokkaidoo (Adm1).
2003-0388-JPN,2003,0388,,Natural,Meteorological,Storm,Tropical cyclone,,Etau,Japan,JPN,Eastern Asia,Asia,"Hokkaidoo, Ehime provinces",,"Slide (land, mud, snow, rock)",Flood,,,,,145,Kph,,,,,2003,8,8,2003,8,11,20,80,2100,,2180,,,47000,74771,55000,87498,62.8584595,1,1654;1661,,"Ehime, Hokkaidoo (Adm1)."
2003-0354-JPN,2003,0354,,Natural,Geophysical,Earthquake,Ground movement,,,Japan,JPN,Eastern Asia,Asia,"Sendaisi_Aobaku, Sendaisi_Daisiroku, Sendaisi_Izumiku, Sendaisi_Miyaginoku, Sendaisi_Wakabayasiku, Isinomakisi, Hurukawasi, Kasimadaimati, Nangootyoon, Narusetyoo, Yamototyoo, Yoneyamatyoo districts (Miyagi province)",,"Slide (land, mud, snow, rock)",,,,,,6,Richter,38.432,141.003,07:13,,2003,7,25,2003,7,25,,569,17403,219,18191,,,202000,321357,411000,653850,62.8584595,2,,35135;35137;35146;35162;35164;35176;35177;35178;35179;35180;35205;35206,"Hurukawasi, Isinomakisi, Kasimadaimati, Nangootyoo, Narusetyoo, Sendaisi_Aobaku, Sendaisi_Daisiroku, Sendaisi_Izumiku, Sendaisi_Miyaginoku, Sendaisi_Wakabayasiku, Yamototyoo, Yoneyamatyoo (Adm2)."
2003-0343-JPN,2003,0343,,Natural,Hydrological,Flood,Riverine flood,,,Japan,JPN,Eastern Asia,Asia,"Minamata district (Kumamoto province), Hisikarityoo district (Kagosima province), Kinkaityoo district (Nagasaki province)",Torrential rains,"Slide (land, mud, snow, rock)",,,,,,8080,Km2,,,,"Minamata, Hogawachikawa",2003,7,19,2003,7,21,23,14,800,,814,,,,,7000,11136,62.8584595,2,,34720;34956;35396,"Hisikarityoo, Kinkaityoo, Minamatasi (Adm2)."
2003-0459-JPN,2003,0459,,Natural,Meteorological,Storm,Tropical cyclone,,Maemi,Japan,JPN,Eastern Asia,Asia,Okinawa province,,Rain,,,,,,200,Kph,,,,,2003,9,12,2003,9,13,1,93,130,,223,,,,,50000,79544,62.8584595,1,1681,,Okinawa (Adm1).
2004-0532-JPN,2004,0532,,Natural,Geophysical,Earthquake,Ground movement,,,Japan,JPN,Eastern Asia,Asia,"Odiyasi, Nagaokasi, Tookamatisi districts (Niigata province)",,Fire,"Slide (land, mud, snow, rock)",Yes,,,49,7,Richter,37.226,138.779,17:56,,2004,10,23,2004,10,23,40,3183,59000,,62183,,,760000,1177540,28000000,43383054,64.54132928,1;2,1690,35546;35558;35583,"Tookyoo (Adm1). Nagaokasi, Odiyasi, Tookamatisi (Adm2)."
2004-0276-JPN,2004,0276,,Natural,Meteorological,Storm,Tropical cyclone,,Dianmu (Helen/09W),Japan,JPN,Eastern Asia,Asia,Murotosi district (Kooti province),,"Slide (land, mud, snow, rock)",Rain,,,,,285,Kph,,,,,2004,6,16,2004,6,19,6,56,700,,756,,,,,,,64.54132928,2,,34885,Murotosi (Adm2).
2004-0492-JPN,2004,0492,,Natural,Meteorological,Storm,Tropical cyclone,,Meari (Quinta/25W),Japan,JPN,Eastern Asia,Asia,"Niihama, Saizyoosi districts (Ehime province), Miyagawamura district (Mie province)",,"Slide (land, mud, snow, rock)",Rain,,,,,220,Kph,,,,,2004,9,23,2004,9,25,25,89,10000,,10089,,,,,740000,1146552,64.54132928,2,,33647;33655;35105,"Miyagawamura, Niihamasi, Saizyoosi (Adm2)."
2004-0524-JPN,2004,0524,,Natural,Meteorological,Storm,Tropical cyclone,,Tokage (Siony/27W),Japan,JPN,Eastern Asia,Asia,"Ibaraki, Kanagawa, Nagano, Toyama, Kyooto, Okayama, Tokusima, Ehime, Kagawa, Saga, Miyazaki, Okinawa provinces",,"Slide (land, mud, snow, rock)",Flood,,,,,230,Kph,,,,,2004,10,15,2004,10,19,89,342,84450,,84792,,,1100000,1704334,2300000,3563608,64.54132928,1,1654;1663;1666;1668;1671;1674;1675;1680;1681;1683;1689;1692,,"Ehime, Ibaraki, Kagawa, Kanagawa, Kyooto, Miyazaki, Nagano, Okayama, Okinawa, Saga, Tokusima, Toyama (Adm1)."
2004-0339-JPN,2004,0339,,Natural,Hydrological,Flood,Flash flood,,,Japan,JPN,Eastern Asia,Asia,"Niigata, Hukusima provinces",Heavy rains,"Slide (land, mud, snow, rock)",,,,,,7060,Km2,,,,,2004,7,12,2004,7,14,21,7,20000,5800,25807,,,279000,432281,1950000,3021320,64.54132928,1,1657;1678,,"Hukusima, Niigata (Adm1)."
2004-0445-JPN,2004,0445,,Natural,Meteorological,Storm,Tropical cyclone,,Chaba,Japan,JPN,Eastern Asia,Asia,"Oosaka, Hyoogo, Okayama, Ehime, Kagawa, Miyazaki, Kagosima provinces",,Flood,,,,,,126,Kph,,,,,2004,8,30,2004,8,31,14,50,180000,,180050,,,1200000,1859274,2000000,3098790,64.54132928,1,1654;1662;1666;1667;1674;1680;1682,,"Ehime, Hyoogo, Kagawa, Kagosima, Miyazaki, Okayama, Oosaka (Adm1)."
2004-0511-JPN,2004,0511,,Natural,Meteorological,Storm,Tropical cyclone,,Ma-on (Rolly/26W),Japan,JPN,Eastern Asia,Asia,"Tookyoo, Sizuoka, Aiti provinces",,Flood,,,,,,260,Kph,,,,,2004,10,3,2004,10,8,11,44,5904,,5948,,,241000,373404,603000,934285,64.54132928,1,1651;1687;1690,,"Aiti, Sizuoka, Tookyoo (Adm1)."
2004-0459-JPN,2004,0459,,Natural,Meteorological,Storm,Tropical cyclone,,Songda (Nina/22W),Japan,JPN,Eastern Asia,Asia,"Hukuoka, Kagosima, Kumamoto, Miyazaki, Nagasaki, Ooita, Saga provinces",,Transport accident,,,,,,230,Kph,,,,,2004,9,3,2004,9,4,41,900,40000,,40900,,,4700000,7282156,9000000,13944553,64.54132928,1,1656;1667;1670;1674;1676;1679;1683,,"Hukuoka, Kagosima, Kumamoto, Miyazaki, Nagasaki, Ooita, Saga (Adm1)."
2004-0563-JPN,2004,0563,,Natural,Hydrological,Flood,Riverine flood,,,Japan,JPN,Eastern Asia,Asia,Sizuoka province,Heavy rains,,,,,,,,Km2,,,,,2004,11,11,2004,11,12,1,,2290,,2290,,,,,,,64.54132928,1,1687,,Sizuoka (Adm1).
2004-0428-JPN,2004,0428,,Natural,Meteorological,Storm,Tropical cyclone,,Megi (Lawin/18W),Japan,JPN,Eastern Asia,Asia,"Kagawa, Ehime, Hyoogo, Kooti provinces",,,,,,,,126,Kph,,,,,2004,8,17,2004,8,20,11,,8502,,8502,,,,,500000,774697,64.54132928,1,1654;1662;1666;1669,,"Ehime, Hyoogo, Kagawa, Kooti (Adm1)."
2004-0435-JPN,2004,0435,,Natural,Meteorological,Storm,Tropical cyclone,,Aere (Marce/20W),Japan,JPN,Eastern Asia,Asia,"Kasarityoo, Nazesi, Setootityoo, Sumiyooson, Tatugootyoo, Ukenson, Yamatoson districts (Kagosima province), Okinawa province",,,,,,,,,Kph,,,,,2004,8,23,2004,8,23,2,2,,,2,,,,,500,775,64.54132928,1;2,1681,34737;34765;34779;34783;34788;34795;34800,"Okinawa (Adm1). Kasarityoo, Nazesi, Setootityoo, Sumiyooson, Tatugootyoo, Ukenson, Yamatoson (Adm2)."
2004-0352-JPN,2004,0352,,Natural,Meteorological,Extreme temperature,Heat wave,,,Japan,JPN,Eastern Asia,Asia,Tokyo city (Tookyoo province),,,,,,,,40,°C,,,,,2004,7,,2004,8,,10,300,,,300,,,,,,,64.54132928,1,1690,,Tookyoo (Adm1).
2005-0129-JPN,2005,0129,,Natural,Geophysical,Earthquake,Ground movement,,,Japan,JPN,Eastern Asia,Asia,Hukuoka province,,"Slide (land, mud, snow, rock)",,,,,,7,Richter,33.807,130.131,10:53,,2005,3,20,2005,3,20,1,735,2800,,3535,,,120000,179826,400000,599421,66.73105799,1,1656,,Hukuoka (Adm1).
2005-0211-JPN,2005,0211,,Natural,Geophysical,Earthquake,Ground movement,,,Japan,JPN,Eastern Asia,Asia,"Hukuoka, Saga provinces",,"Slide (land, mud, snow, rock)",,,,,,6,Richter,33.637,130.179,,,2005,4,19,2005,4,19,,58,837,,895,,,,,,,66.73105799,1,1656;1683,,"Hukuoka, Saga (Adm1)."
2005-0497-JPN,2005,0497,,Natural,Meteorological,Storm,Tropical cyclone,,Nabi (Jolina/14W),Japan,JPN,Eastern Asia,Asia,"Okinawa, Ehime, Kagawa, Kooti, Tokusima, Tookyoo provinces",,Rain,"Slide (land, mud, snow, rock)",,,,,144,Kph,,,,,2005,9,2,2005,9,4,32,140,270000,,270140,,,550000,824204,1000000,1498553,66.73105799,1,1654;1666;1669;1681;1689;1690,,"Ehime, Kagawa, Kooti, Okinawa, Tokusima, Tookyoo (Adm1)."
2005-0464-JPN,2005,0464,,Natural,Meteorological,Storm,Tropical cyclone,,Mawar,Japan,JPN,Eastern Asia,Asia,"Nagano, Sizuoka provinces",,"Slide (land, mud, snow, rock)",Flood,,,,,108,Kph,,,,,2005,8,25,2005,8,26,3,4,90,,94,,,,,,,66.73105799,1,1675;1687,,"Nagano, Sizuoka (Adm1)."
2005-0723-JPN,2005,0723,,Natural,Meteorological,Storm,,,,Japan,JPN,Eastern Asia,Asia,"Niigata, Iwate, Hirosima, Tottori provinces",,Cold wave,"Avalanche (Snow, Debris)",,,,,,Kph,,,,,2005,12,9,2006,1,5,100,1010,1800,,2810,,,,,33000,49452,66.73105799,1,1660;1665;1678;1691,,"Hirosima, Iwate, Niigata, Tottori (Adm1)."
2005-0394-JPN,2005,0394,,Natural,Hydrological,Flood,Riverine flood,,,Japan,JPN,Eastern Asia,Asia,Niigata province,Heavy rains,,,,,,,,Km2,,,,,2005,6,28,2005,6,28,,,900,,900,,,,,,,66.73105799,1,1678,,Niigata (Adm1).
2006-0504-JPN,2006,0504,,Natural,Meteorological,Storm,Tropical cyclone,,Shanshan (13),Japan,JPN,Eastern Asia,Asia,"Nagasaki, Hukuoka, Miyazaki, Okinawa, Hirosima, Okayama, Simane, Tottori, Yamaguti provinces",,Flood,"Slide (land, mud, snow, rock)",,,,,,Kph,,,,,2006,9,15,2006,9,20,10,448,12000,,12448,,,1020000,1480755,2500000,3629303,68.88375871,1,1656;1660;1674;1676;1680;1681;1686;1691;1696,,"Hirosima, Hukuoka, Miyazaki, Nagasaki, Okayama, Okinawa, Simane, Tottori, Yamaguti (Adm1)."
2006-0378-JPN,2006,0378,,Natural,Hydrological,Flood,Riverine flood,,,Japan,JPN,Eastern Asia,Asia,"Matumotosi, Okayasi, Minowamati districts (Nagano province), Izumosi district (Simane province), Aminotyoo, Kumihamatyoo, Oomiyatyoo, Tangotyoo, Yasakatyoo districts (Kyooto province), Tateyamamati district (Toyama province)",Heavy rain,"Slide (land, mud, snow, rock)",,,,,,47890,Km2,35.34,136.22,,Tenryu river,2006,6,19,2006,7,20,34,32,6200,,6232,,,,,,,68.88375871,2,,35011;35024;35047;35053;35061;35295;35300;35319;36066;36409,"Aminotyoo, Izumosi, Kumihamatyoo, Matumotosi, Minowamati, Okayasi, Oomiyatyoo, Tangotyoo, Tateyamamati, Yasakatyoo (Adm2)."
2006-0390-JPN,2006,0390,,Natural,Hydrological,Flood,Riverine flood,,,Japan,JPN,Eastern Asia,Asia,"Akunesi district (Kagoshima province), Minamatasi district (Kumamoto province)",Heavy rain,"Slide (land, mud, snow, rock)",,,,,,6130,Km2,31.54,130.99,,Minimata river,2006,7,22,2006,7,26,8,,4300,,4300,,,,,,,68.88375871,2,,34711;34956,"Akunesi, Minamatasi (Adm2)."
2006-0742-JPN,2006,0742,,Natural,Meteorological,Storm,,,,Japan,JPN,Eastern Asia,Asia,"Aiti, Aomori, Gifu, Gunma, Hukui, Ibaraki, Isikawa, Kanagawa, Nagano, Niigata, Saitama, Sizuoka, Tiba, Tookyoo, Totigi, Toyama, Yamanasi provinces",,Cold wave,,,,,,,Kph,,,,,2006,1,21,2006,1,24,1,246,,,246,,,25000,36293,,,68.88375871,1,1651;1653;1655;1658;1659;1663;1664;1668;1675;1678;1684;1687;1688;1690;1692;1693;1697,,"Aiti, Aomori, Gifu, Gunma, Hukui, Ibaraki, Isikawa, Kanagawa, Nagano, Niigata, Saitama, Sizuoka, Tiba, Tookyoo, Totigi, Toyama, Yamanasi (Adm1)."
2006-0616-JPN,2006,0616,,Natural,Meteorological,Storm,Convective storm,Tornado,,Japan,JPN,Eastern Asia,Asia,Hokkaidoo province,,,,,,,,,Kph,,,,,2006,11,,2006,11,,9,21,87,99,207,,,,,,,68.88375871,1,1661,,Hokkaidoo (Adm1).
2007-0101-JPN,2007,0101,EQ-2007-000039,Natural,Geophysical,Earthquake,Ground movement,,,Japan,JPN,Eastern Asia,Asia,"Nanao, Wajima districts (Isikawa province), Niigata, Toyama provinces",,Tsunami/Tidal wave,"Slide (land, mud, snow, rock)",,,,,7,Richter,37.336,136.588,09:42,,2007,3,25,2007,3,25,1,359,,40668,41027,,,22000,31052,250000,352864,70.8487927,1;2,1678;1692,34580;34605,"Niigata, Toyama (Adm1). Nanaosi, Wazimasi (Adm2)."
2007-0258-JPN,2007,0258,EQ-2007-000102,Natural,Geophysical,Earthquake,Ground movement,,,Japan,JPN,Eastern Asia,Asia,"Aikawamati, Akadomarimura, Hatanomati, Izumozakimati, Kanaimati, Kariwamura, Kasiwazakisi, Manomati, Nagaokasi, Niigatasi, Odiyasi, Ogimati, Sanzyoosi, Sawatamati, Yosidamati, Zyooetusi districts (Niigata province), Nagano, Toyama provinces",,Tsunami/Tidal wave,Fire,Yes,,,,7,Richter,37.535,138.446,10:13,,2007,7,16,2007,7,16,9,1000,13000,,14000,,,335000,472838,12500000,17643208,70.8487927,1;2,1675;1692,35494;35495;35503;35510;35516;35518;35519;35534;35546;35553;35558;35559;35568;35570;35600;35604,"Nagano, Toyama (Adm1). Aikawamati, Akadomarimura, Hatanomati, Izumozakimati, Kanaimati, Kariwamura, Kasiwazakisi, Manomati, Nagaokasi, Niigatasi, Odiyasi, Ogimati, Sanzyoosi, Sawatamati, Yosidamati, Zyooetusi (Adm2)."
2007-0262-JPN,2007,0262,TC-2007-000103,Natural,Meteorological,Storm,Tropical cyclone,,Man-Yi,Japan,JPN,Eastern Asia,Asia,"Okinawa, Hukuoka, Kagosima, Kumamoto, Miyazaki, Nagasaki, Ooita, Saga, Aiti, Ehime, Kagawa, Kooti, Tokusima provinces",,"Slide (land, mud, snow, rock)",Rain,,,,,250,Kph,31.69,130.9,,,2007,7,13,2007,7,16,5,12,40000,,40012,,,67000,94568,60000,84687,70.8487927,1,1651;1654;1656;1666;1667;1669;1670;1674;1676;1679;1681;1683;1689,,"Aiti, Ehime, Hukuoka, Kagawa, Kagosima, Kooti, Kumamoto, Miyazaki, Nagasaki, Okinawa, Ooita, Saga, Tokusima (Adm1)."
2007-0319-JPN,2007,0319,,Natural,Hydrological,Flood,Riverine flood,,,Japan,JPN,Eastern Asia,Asia,"Ehime, Hukuoka, Kagawa, Kagosima, Kooti, Kumamoto, Miyazaki, Nagasaki, Ooita, Saga, Tokusima provinces",Heavy rains,"Slide (land, mud, snow, rock)",,,,,,2670,Km2,,,,,2007,7,4,2007,7,12,2,,10000,,10000,,,,,,,70.8487927,1,1654;1656;1666;1667;1669;1670;1674;1676;1679;1683;1689,,"Ehime, Hukuoka, Kagawa, Kagosima, Kooti, Kumamoto, Miyazaki, Nagasaki, Ooita, Saga, Tokusima (Adm1)."
2007-0457-JPN,2007,0457,TC-2007-000162,Natural,Meteorological,Storm,Tropical cyclone,,Wipha/Goring,Japan,JPN,Eastern Asia,Asia,"Iwate, Akita provinces",,Flood,,,,,,,Kph,38.57,125.83,,,2007,9,17,2007,9,25,4,,,,,,,,,,,70.8487927,1,1652;1665,,"Akita, Iwate (Adm1)."
2007-0479-JPN,2007,0479,,Natural,Meteorological,Storm,Tropical cyclone,,Fitow (9),Japan,JPN,Eastern Asia,Asia,"Tookyoo, Hokkaidoo, Nagano provinces",,Flood,,,,,,140,Kph,,,,,2007,8,28,2007,9,8,4,82,900,,982,,,700000,988020,1000000,1411457,70.8487927,1,1661;1675;1690,,"Hokkaidoo, Nagano, Tookyoo (Adm1)."
2007-0654-JPN,2007,0654,,Natural,Geophysical,Earthquake,Ground movement,,,Japan,JPN,Eastern Asia,Asia,"Mie, Nara, Siga provinces",,,,,,,,5,Richter,34.807,136.239,,,2007,4,15,2007,4,15,,12,189,,201,,,,,,,70.8487927,1,1672;1677;1685,,"Mie, Nara, Siga (Adm1)."
2007-0358-JPN,2007,0358,,Natural,Meteorological,Extreme temperature,Heat wave,,,Japan,JPN,Eastern Asia,Asia,"Aiti, Ehime, Gifu, Gunma, Hirosima, Hukui, Hukuoka, Hukusima, Hyoogo, Ibaraki, Isikawa, Kagawa, Kagosima, Kanagawa, Kooti, Kumamoto, Kyooto, Mie, Miyagi, Miyazaki, Nagano, Nagasaki, Nara, Niigata, Okayama, Okinawa, Ooita, Oosaka, Saga, Saitama, Siga, Simane, Sizuoka, Tiba, Tokusima, Tookyoo, Totigi, Tottori, Toyama, Wakayama, Yamagata, Yamaguti, Yamanasi provinces",,,,,,,,41,°C,,,,,2007,8,,2007,8,17,62,3000,,,3000,,,,,,,70.8487927,1,1651;1654;1655;1656;1657;1658;1659;1660;1662;1663;1664;1666;1667;1668;1669;1670;1671;1672;1673;1674;1675;1676;1677;1678;1679;1680;1681;1682;1683;1684;1685;1686;1687;1688;1689;1690;1691;1692;1693;1694;1695;1696;1697,,"Aiti, Ehime, Gifu, Gunma, Hirosima, Hukui, Hukuoka, Hukusima, Hyoogo, Ibaraki, Isikawa, Kagawa, Kagosima, Kanagawa, Kooti, Kumamoto, Kyooto, Mie, Miyagi, Miyazaki, Nagano, Nagasaki, Nara, Niigata, Okayama, Okinawa, Ooita, Oosaka, Saga, Saitama, Siga, Simane, Sizuoka, Tiba, Tokusima, Tookyoo, Totigi, Tottori, Toyama, Wakayama, Yamagata, Yamaguti, Yamanasi (Adm1)."
2008-0242-JPN,2008,0242,EQ-2008-000087,Natural,Geophysical,Earthquake,Ground movement,,,Japan,JPN,Eastern Asia,Asia,"Mizusawasi, Moriokasi districts (Iwate province), Tukidatetyoo, Hurukawasi, Sendaisi_Aobaku, Sendaisi_Daisiroku, Sendaisi_Izumiku, Sendaisi_Miyaginoku, Sendaisi_Wakabayasiku districts (Miyagi province), Akita province",,"Slide (land, mud, snow, rock)",,,,,,7,Richter,39.03,140.881,08:43,,2008,6,13,2008,6,13,23,448,,,448,,,55000,74760,167000,226999,73.56874554,1;2,1652,34638;34639;35135;35176;35177;35178;35179;35180;35197,"Akita (Adm1). Hurukawasi, Mizusawasi, Moriokasi, Sendaisi_Aobaku, Sendaisi_Daisiroku, Sendaisi_Izumiku, Sendaisi_Miyaginoku, Sendaisi_Wakabayasiku, Tukidatetyoo (Adm2)."
2008-0275-JPN,2008,0275,EQ-2008-000115,Natural,Geophysical,Earthquake,Ground movement,,,Japan,JPN,Eastern Asia,Asia,Hatinohesi district (Aomori province),,"Slide (land, mud, snow, rock)",,,,,,7,Richter,39.802,141.464,00:26,,2008,7,23,2008,7,24,1,200,270,,470,,,,,110000,149520,73.56874554,2,,33543,Hatinohesi (Adm2).
2008-0293-JPN,2008,0293,FL-2008-000120,Natural,Hydrological,Flood,Riverine flood,,,Japan,JPN,Eastern Asia,Asia,"Koobesi_Higasinadaku, Koobesi_Hyoogoku, Koobesi_Kitaku, Koobesi_Nadaku, Koobesi_Nagataku, Koobesi_Nisiku, Koobesi_Sumaku, Koobesi_Tarumiku, Koobesi_Tyuuooku districts (Hyoogo province), Kanazawasi district (Isikawa province)",Torrential rain,,,,,,,52420,Km2,35.88,136.38,,Togagawa river,2008,7,28,2008,7,29,5,3,50000,,50003,,,,,,,73.56874554,2,,34424;34425;34426;34427;34428;34429;34430;34431;34432;34570,"Kanazawasi, Koobesi_Higasinadaku, Koobesi_Hyoogoku, Koobesi_Kitaku, Koobesi_Nadaku, Koobesi_Nagataku, Koobesi_Nisiku, Koobesi_Sumaku, Koobesi_Tarumiku, Koobesi_Tyuuooku (Adm2)."
2008-0662-JPN,2008,0662,,Natural,Meteorological,Extreme temperature,Heat wave,,,Japan,JPN,Eastern Asia,Asia,All country,,,,,,,,,°C,,,,,2008,7,,2008,7,,47,,,,,,,,,,,73.56874554,1,1651;1652;1653;1654;1655;1656;1657;1658;1659;1660;1661;1662;1663;1664;1665;1666;1667;1668;1669;1670;1671;1672;1673;1674;1675;1676;1677;1678;1679;1680;1681;1682;1683;1684;1685;1686;1687;1688;1689;1690;1691;1692;1693;1694;1695;1696;1697,,"Aiti, Akita, Aomori, Ehime, Gifu, Gunma, Hirosima, Hokkaidoo, Hukui, Hukuoka, Hukusima, Hyoogo, Ibaraki, Isikawa, Iwate, Kagawa, Kagosima, Kanagawa, Kooti, Kumamoto, Kyooto, Mie, Miyagi, Miyazaki, Nagano, Nagasaki, Nara, Niigata, Okayama, Okinawa, Ooita, Oosaka, Saga, Saitama, Siga, Simane, Sizuoka, Tiba, Tokusima, Tookyoo, Totigi, Tottori, Toyama, Wakayama, Yamagata, Yamaguti, Yamanasi (Adm1)."
2011-0130-JPN,2011,0130,,Natural,Geophysical,Earthquake,Ground movement,,,Japan,JPN,Eastern Asia,Asia,"Ishinomakisi, Onagawatyoo districts (Miyagi province), Yamagata province",,,,,,,,7,Richter,38.276,141.588,23:32,,2011,4,7,2011,4,7,2,132,,,132,,,,,,,76.86159538,1;2,1695,35137;35167,"Yamagata (Adm1). Isinomakisi, Onagawatyoo (Adm2)."
2009-0320-JPN,2009,0320,,Natural,Geophysical,Earthquake,Tsunami,,,Japan,JPN,Eastern Asia,Asia,"Sizuokasi, Yaidusi, Sagaratyoo, Huziedasi, Simadasi, Kakegawasi, Haibaratyoo districts (Sizuola province), Tookyoo province",,Tsunami/Tidal wave,Fire,,,,,6,Richter,34.743,138.264,05:07,,2009,8,10,2009,8,10,1,319,25000,,25319,,,250000,341031,400000,545649,73.30717672,1;2,1690,36114;36125;36133;36164;36167;36171;36179,"Tookyoo (Adm1). Haibaratyoo, Huziedasi, Kakegawasi, Sagaratyoo, Simadasi, Sizuokasi, Yaidusi (Adm2)."
2009-0316-JPN,2009,0316,,Natural,Meteorological,Storm,Tropical cyclone,,"Typhoon ""Etau""",Japan,JPN,Eastern Asia,Asia,"Hyoogo, Okayama provinces",,Flood,,,,,,,Kph,,,,,2009,8,10,2009,8,10,12,,2000,,2000,,,,,,,73.30717672,1,1662;1680,,"Hyoogo, Okayama (Adm1)."
2009-0423-JPN,2009,0423,,Natural,Meteorological,Storm,Tropical cyclone,,"TYphoon ""Melor""",Japan,JPN,Eastern Asia,Asia,"Mie, Aiti, Gifu, Siga, Wakayama, Miyagi, Saitama provinces",,Surge,,,,,,220,Kph,,,,,2009,10,7,2009,10,9,4,119,5000,,5119,,,625000,852577,1000000,1364123,73.30717672,1,1651;1658;1672;1673;1684;1685;1694,,"Aiti, Gifu, Mie, Miyagi, Saitama, Siga, Wakayama (Adm1)."
2009-0275-JPN,2009,0275,,Natural,Hydrological,Landslide,Landslide,,,Japan,JPN,Eastern Asia,Asia,"Yamaguti, Tottori provinces",,,,,,,,,,,,,,2009,7,20,2009,7,20,16,,400,,400,,,,,,,73.30717672,1,1691;1696,,"Tottori, Yamaguti (Adm1)."
2009-0276-JPN,2009,0276,,Natural,Hydrological,Landslide,Landslide,,,Japan,JPN,Eastern Asia,Asia,Hukuoka province,Heavy rains,,,,,,,,,,,,,2009,7,26,2009,7,27,28,,,,,,,,,,,73.30717672,1,1656,,Hukuoka (Adm1).
2009-0658-JPN,2009,0658,,Natural,Meteorological,Extreme temperature,Heat wave,,,Japan,JPN,Eastern Asia,Asia,All country,,,,,,,,,°C,,,,,2009,7,,2009,7,,16,,,,,,,,,,,73.30717672,1,1651;1652;1653;1654;1655;1656;1657;1658;1659;1660;1661;1662;1663;1664;1665;1666;1667;1668;1669;1670;1671;1672;1673;1674;1675;1676;1677;1678;1679;1680;1681;1682;1683;1684;1685;1686;1687;1688;1689;1690;1691;1692;1693;1694;1695;1696;1697,,"Aiti, Akita, Aomori, Ehime, Gifu, Gunma, Hirosima, Hokkaidoo, Hukui, Hukuoka, Hukusima, Hyoogo, Ibaraki, Isikawa, Iwate, Kagawa, Kagosima, Kanagawa, Kooti, Kumamoto, Kyooto, Mie, Miyagi, Miyazaki, Nagano, Nagasaki, Nara, Niigata, Okayama, Okinawa, Ooita, Oosaka, Saga, Saitama, Siga, Simane, Sizuoka, Tiba, Tokusima, Tookyoo, Totigi, Tottori, Toyama, Wakayama, Yamagata, Yamaguti, Yamanasi (Adm1)."
2010-0311-JPN,2010,0311,,Natural,Hydrological,Flood,Riverine flood,,,Japan,JPN,Eastern Asia,Asia,"Gifu, Simane, Hirosima provinces",Heavy rains,,,,,,,,Km2,,,,,2010,7,18,2010,7,18,10,,,,,,,,,,,74.50944408,1,1658;1660;1686,,"Gifu, Hirosima, Simane (Adm1)."
2010-0331-JPN,2010,0331,,Natural,Meteorological,Extreme temperature,Heat wave,,,Japan,JPN,Eastern Asia,Asia,"Aiti, Ehime, Gifu, Gunma, Hirosima, Hukui, Hukuoka, Hukusima, Hyoogo, Ibaraki, Isikawa, Kagawa, Kagosima, Kanagawa, Kooti, Kumamoto, Kyooto, Mie, Miyagi, Miyazaki, Nagano, Nagasaki, Nara, Niigata, Okayama, Okinawa, Ooita, Oosaka, Saga, Saitama, Siga, Simane, Sizuoka, Tiba, Tokusima, Tookyoo, Totigi, Tottori, Toyama, Wakayama, Yamagata, Yamaguti, Yamanasi provinces",,,,,,,,35,°C,,,,,2010,7,19,2010,7,25,170,,15000,,15000,,,,,,,74.50944408,1,1651;1654;1655;1656;1657;1658;1659;1660;1662;1663;1664;1666;1667;1668;1669;1670;1671;1672;1673;1674;1675;1676;1677;1678;1679;1680;1681;1682;1683;1684;1685;1686;1687;1688;1689;1690;1691;1692;1693;1694;1695;1696;1697,,"Aiti, Ehime, Gifu, Gunma, Hirosima, Hukui, Hukuoka, Hukusima, Hyoogo, Ibaraki, Isikawa, Kagawa, Kagosima, Kanagawa, Kooti, Kumamoto, Kyooto, Mie, Miyagi, Miyazaki, Nagano, Nagasaki, Nara, Niigata, Okayama, Okinawa, Ooita, Oosaka, Saga, Saitama, Siga, Simane, Sizuoka, Tiba, Tokusima, Tookyoo, Totigi, Tottori, Toyama, Wakayama, Yamagata, Yamaguti, Yamanasi (Adm1)."
2011-0082-JPN,2011,0082,,Natural,Geophysical,Earthquake,Tsunami,,,Japan,JPN,Eastern Asia,Asia,"Hokkaidoo, Akita, Aomori, Yamagata, Miyagi, Iwate, Hukusima, Tookyoo, Ibaraki, Totigi, Gunma, Saitama, Tiba, Kanagawa, Nagano provinces",,Fire,Industrial accidents,Yes,,,735797,9,Richter,38.297,142.373,14:46,,2011,3,11,2011,3,11,19846,5933,362887,,368820,,,37500000,48788995,210000000,273218373,76.86159538,1,1652;1653;1657;1659;1661;1663;1665;1668;1673;1675;1684;1688;1690;1693;1695,,"Akita, Aomori, Gunma, Hokkaidoo, Hukusima, Ibaraki, Iwate, Kanagawa, Miyagi, Nagano, Saitama, Tiba, Tookyoo, Totigi, Yamagata (Adm1)."
2011-0454-JPN,2011,0454,,Natural,Meteorological,Storm,Tropical cyclone,,Typhoon Talas,Japan,JPN,Eastern Asia,Asia,"Wakayama, Nara, Ehime, Kooti provinces",,Flood,"Slide (land, mud, snow, rock)",,,,,90,Kph,,,,,2011,9,2,2011,9,4,68,,1300,,1300,,,430000,559447,650000,845676,76.86159538,1,1654;1669;1677;1694,,"Ehime, Kooti, Nara, Wakayama (Adm1)."
2011-0574-JPN,2011,0574,,Natural,Meteorological,Storm,Convective storm,,Typhoon Ma-on,Japan,JPN,Eastern Asia,Asia,"Tokusima, Hyoogo, Kooti, Siga provinces",,Flood,,,,,,175,Kph,,,,,2011,7,19,2011,7,19,5,55,,,55,,,,,50000,65052,76.86159538,1,1662;1669;1685;1689,,"Hyoogo, Kooti, Siga, Tokusima (Adm1)."
2011-0352-JPN,2011,0352,,Natural,Meteorological,Storm,Tropical cyclone,,Typhoon Roke,Japan,JPN,Eastern Asia,Asia,"Aiti, Ehime, Siga, Nagasaki, Kumamoto provinces",,Flood,,,,,,215,Kph,,,,,2011,9,22,2011,9,22,13,308,,,308,,,1210000,1574258,1820000,2367893,76.86159538,1,1651;1654;1670;1676;1685,,"Aiti, Ehime, Kumamoto, Nagasaki, Siga (Adm1)."
2011-0573-JPN,2011,0573,,Natural,Meteorological,Extreme temperature,Heat wave,,,Japan,JPN,Eastern Asia,Asia,"Aiti, Ehime, Gifu, Gunma, Hirosima, Hukui, Hukuoka, Hukusima, Hyoogo, Ibaraki, Isikawa, Kagawa, Kagosima, Kanagawa, Kooti, Kumamoto, Kyooto, Mie, Miyagi, Miyazaki, Nagano, Nagasaki, Nara, Niigata, Okayama, Okinawa, Ooita, Oosaka, Saga, Saitama, Siga, Simane, Sizuoka, Tiba, Tokusima, Tookyoo, Totigi, Tottori, Toyama, Wakayama, Yamagata, Yamaguti, Yamanasi provinces",,,,,,,,35,°C,,,,,2011,7,,2011,8,,36,22000,,,22000,,,,,,,76.86159538,1,1651;1654;1655;1656;1657;1658;1659;1660;1662;1663;1664;1666;1667;1668;1669;1670;1671;1672;1673;1674;1675;1676;1677;1678;1679;1680;1681;1682;1683;1684;1685;1686;1687;1688;1689;1690;1691;1692;1693;1694;1695;1696;1697,,"Aiti, Ehime, Gifu, Gunma, Hirosima, Hukui, Hukuoka, Hukusima, Hyoogo, Ibaraki, Isikawa, Kagawa, Kagosima, Kanagawa, Kooti, Kumamoto, Kyooto, Mie, Miyagi, Miyazaki, Nagano, Nagasaki, Nara, Niigata, Okayama, Okinawa, Ooita, Oosaka, Saga, Saitama, Siga, Simane, Sizuoka, Tiba, Tokusima, Tookyoo, Totigi, Tottori, Toyama, Wakayama, Yamagata, Yamaguti, Yamanasi (Adm1)."
2012-0195-JPN,2012,0195,,Natural,Hydrological,Flood,Riverine flood,,,Japan,JPN,Eastern Asia,Asia,"Kumamoto, Ooita provinces",,"Slide (land, mud, snow, rock)",,,,,,,Km2,,,,,2012,7,12,2012,7,13,30,,48135,,48135,,,,,1400000,1784528,78.45211388,1,1670;1679,,"Kumamoto, Ooita (Adm1)."
2012-0027-JPN,2012,0027,,Natural,Meteorological,Storm,Convective storm,Winter storm/Blizzard,,Japan,JPN,Eastern Asia,Asia,"Akita, Hokkaidoo, Niigata, Nagano, Kyooto, Aomori provinces",,"Avalanche (Snow, Debris)",,,,,,130,Kph,,,,,2012,1,1,2012,1,31,134,1991,5775,,7766,,,,,158000,201397,78.45211388,1,1652;1653;1661;1671;1675;1678,,"Akita, Aomori, Hokkaidoo, Kyooto, Nagano, Niigata (Adm1)."
2012-0574-JPN,2012,0574,,Natural,Meteorological,Storm,Convective storm,Lightning/Thunderstorms,,Japan,JPN,Eastern Asia,Asia,Tukubasi district (Ibaraki province),,,,,,,,,Kph,,,,,2012,5,6,2012,5,6,3,59,2481,,2540,,,,,,,78.45211388,2,,34553,Tukubasi (Adm2).
2012-0120-JPN,2012,0120,,Natural,Meteorological,Storm,Convective storm,Severe storm,,Japan,JPN,Eastern Asia,Asia,Niigata province,,,,,,,,150,Kph,,,,,2012,4,3,2012,4,4,4,372,,,372,,,841000,1071992,,,78.45211388,1,1678,,Niigata (Adm1).
2012-0414-JPN,2012,0414,TC-2012-000159,Natural,Meteorological,Storm,Tropical cyclone,,Typhoon Bolaven,Japan,JPN,Eastern Asia,Asia,"Okinawa, Kagosima province",,,,,,,,,Kph,,,,,2012,8,25,2012,8,25,,,,,,,,,,86000,109621,78.45211388,1,1667;1681,,"Kagosima, Okinawa (Adm1)."
2012-0451-JPN,2012,0451,,Natural,Meteorological,Storm,Tropical cyclone,,Typhoon Jelawat,Japan,JPN,Eastern Asia,Asia,"Okinawa, Kagosima, Mie provinces",,,,,,,,126,Kph,,,,,2012,9,29,2012,9,30,2,180,18045,,18225,,,,,27400,34926,78.45211388,1,1667;1672;1681,,"Kagosima, Mie, Okinawa (Adm1)."
2012-0588-JPN,2012,0588,,Natural,Meteorological,Storm,Tropical cyclone,,Typhoon Sanba,Japan,JPN,Eastern Asia,Asia,Okinawa province,,,,,,,,,Kph,,,,,2012,9,15,2012,9,17,,,25250,,25250,,,,,31000,39515,78.45211388,1,1681,,Okinawa (Adm1).
2013-0396-JPN,2013,0396,,Natural,Meteorological,Storm,Tropical cyclone,,Typhoon Wipha,Japan,JPN,Eastern Asia,Asia,"Tookyoo, Saitama, Ibaraki, Totigi, Hokkaidoo, Tiba, Kagosima provinces",,"Slide (land, mud, snow, rock)",Flood,,,,,,Kph,,,,,2013,10,14,2013,10,16,39,107,19182,,19289,,,,,200000,251252,79.60130942,1,1661;1663;1667;1684;1688;1690;1693,,"Hokkaidoo, Ibaraki, Kagosima, Saitama, Tiba, Tookyoo, Totigi (Adm1)."
2013-0265-JPN,2013,0265,,Natural,Hydrological,Flood,Riverine flood,,,Japan,JPN,Eastern Asia,Asia,"Simane, Yamaguti provinces",,"Slide (land, mud, snow, rock)",,,,,,,Km2,,,,,2013,7,28,2013,7,28,5,,3633,,3633,,,,,2000,2513,79.60130942,1,1686;1696,,"Simane, Yamaguti (Adm1)."
2013-0415-JPN,2013,0415,,Natural,Meteorological,Storm,Tropical cyclone,,Tropical storm Man-Yi,Japan,JPN,Eastern Asia,Asia,"Aiti, Kyooto provinces",,Flood,,,,,,,Kph,,,,,2013,9,16,2013,9,16,6,141,30147,,30288,,,,,2000,2513,79.60130942,1,1651;1671,,"Aiti, Kyooto (Adm1)."
2013-0326-JPN,2013,0326,,Natural,Meteorological,Storm,Convective storm,Tornado,,Japan,JPN,Eastern Asia,Asia,Kosigayasi district (Saitama province),,,,,,,,,Kph,,,,,2013,9,2,2013,9,4,,67,3864,,3931,,,,,2000,2513,79.60130942,2,,35945,Kosigayasi (Adm2).
2013-0046-JPN,2013,0046,,Natural,Meteorological,Storm,Convective storm,Winter storm/Blizzard,,Japan,JPN,Eastern Asia,Asia,Tookyoo province,,,,,,,,,Kph,,,,,2013,1,14,2013,1,14,2,1569,,,1569,,,,,,,79.60130942,1,1690,,Tookyoo (Adm1).
2013-0080-JPN,2013,0080,,Natural,Meteorological,Storm,Convective storm,Winter storm/Blizzard,,Japan,JPN,Eastern Asia,Asia,Hokkaidoo province,,,,,,,,,Kph,,,,,2013,2,23,2013,3,3,9,,1152,,1152,,,,,14200,17839,79.60130942,1,1661,,Hokkaidoo (Adm1).
2013-0127-JPN,2013,0127,,Natural,Geophysical,Earthquake,Ground movement,,,Japan,JPN,Eastern Asia,Asia,Hyogo province,,,,,,,,6,Richter,34.369,134.828,05:33,,2013,4,12,2013,4,12,,32,8406,,8438,,,,,,,79.60130942,1,1662,,Hyoogo (Adm1).
2013-0413-JPN,2013,0413,,Natural,Meteorological,Storm,Tropical cyclone,,Tropical storm Toraji,Japan,JPN,Eastern Asia,Asia,Kagosima province,,,,,,,,,Kph,,,,,2013,9,4,2013,9,4,1,19,4317,,4336,,,,,2000,2513,79.60130942,1,1667,,Kagosima (Adm1).
2013-0429-JPN,2013,0429,,Natural,Meteorological,Storm,Tropical cyclone,,Tropical storm Fitow,Japan,JPN,Eastern Asia,Asia,Okinawa province,,,,,,,,,Kph,,,,,2013,10,7,2013,10,7,,,4392,,4392,,,,,,,79.60130942,1,1681,,Okinawa (Adm1).
2013-0316-JPN,2013,0316,,Natural,Meteorological,Extreme temperature,Heat wave,,,Japan,JPN,Eastern Asia,Asia,"Ehime, Kagawa, Kooti, Tokusima provinces (Shikoko Isl.), Hukuoka, Kagosima, Kumamoto, Miyazaki, Nagasaki, Ooita, Saga provinces (Kyushu Isl.), Oosaka, Kyooto provinces (Honshu Isl.), Kobe city (Hyoogo province) (Honshu Isl.)",,,,,,,,41,°C,,,,,2013,5,,2013,9,,338,54000,,,54000,,,,,,,79.60130942,1,1654;1656;1662;1666;1667;1669;1670;1671;1674;1676;1679;1682;1683;1689,,"Ehime, Hukuoka, Hyoogo, Kagawa, Kagosima, Kooti, Kumamoto, Kyooto, Miyazaki, Nagasaki, Ooita, Oosaka, Saga, Tokusima (Adm1)."
2011-0663-JPN,2011,0663,,Natural,Hydrological,Flood,,,,Japan,JPN,Eastern Asia,Asia,"Yasudamati, Kamosi districts (Niigata province), Hukusima province",Heavy rains,Broken Dam/Burst bank,"Slide (land, mud, snow, rock)",,,,,,Km2,,,,,2011,7,29,2011,7,31,6,,2000,,2000,,,,,,,76.86159538,1;2,1657,35515;35596,"Hukusima (Adm1). Kamosi, Yasudamati (Adm2)."
2014-0236-JPN,2014,0236,,Natural,Meteorological,Storm,Tropical cyclone,,Typhoon Neoguri,Japan,JPN,Eastern Asia,Asia,"Ehime, Kagawa, Kooti, Tokusima, Hukuoka, Kagosima, Kumamoto, Miyazaki, Nagasaki, Ooita, Saga, Hukusima, Nagano, Hokkaidoo provinces",,Flood,"Slide (land, mud, snow, rock)",,,,,130,Kph,,,,,2014,7,7,2014,7,10,7,66,600,,666,,,,,156000,192848,80.89262372,1,1654;1656;1657;1661;1666;1667;1669;1670;1674;1675;1676;1679;1683;1689,,"Ehime, Hokkaidoo, Hukuoka, Hukusima, Kagawa, Kagosima, Kooti, Kumamoto, Miyazaki, Nagano, Nagasaki, Ooita, Saga, Tokusima (Adm1)."
2014-0397-JPN,2014,0397,,Natural,Meteorological,Storm,Tropical cyclone,,Typhoon Phanfone,Japan,JPN,Eastern Asia,Asia,"Okinawa, Sizuoka, Aiti, Kanagawa provinces",,Flood,"Slide (land, mud, snow, rock)",,,,,110,Kph,,,,,2014,10,6,2014,10,6,7,60,8706,,8766,,,,,100000,123621,80.89262372,1,1651;1668;1681;1687,,"Aiti, Kanagawa, Okinawa, Sizuoka (Adm1)."
2014-0314-JPN,2014,0314,,Natural,Meteorological,Storm,Tropical cyclone,,Tropical storm Nakri,Japan,JPN,Eastern Asia,Asia,Kooti province,,"Slide (land, mud, snow, rock)",Flood,,,,,,Kph,,,,,2014,8,3,2014,8,6,,,4401,,4401,,,,,,,80.89262372,1,1669,,Kooti (Adm1).
2014-0061-JPN,2014,0061,,Natural,Meteorological,Storm,Convective storm,Winter storm/Blizzard,,Japan,JPN,Eastern Asia,Asia,"Aiti, Akita, Aomori, Gifu, Gunma, Hirosima, Hukui, Hukusima, Hyoogo, Ibaraki, Iwate, Kanagawa, Kyooto, Mie, Miyagi, Nagano, Nara, Niigata, Okayama, Okinawa, Oosaka, Saitama, Siga, Simane, Sizuoka, Tiba, Tookyoo, Totigi, Tottori, Toyama, Wakayama, Yamagata, Yamaguti, Yamanasi provinces",,,,,,,,,Kph,,,,,2014,2,8,2014,2,9,37,2800,,,2800,,,3100000,3832241,5900000,7293619,80.89262372,1,1651;1652;1653;1655;1657;1658;1659;1660;1662;1663;1665;1668;1671;1672;1673;1675;1677;1678;1680;1681;1682;1684;1685;1686;1687;1688;1690;1691;1692;1693;1694;1695;1696;1697,,"Aiti, Akita, Aomori, Gifu, Gunma, Hirosima, Hukui, Hukusima, Hyoogo, Ibaraki, Iwate, Kanagawa, Kyooto, Mie, Miyagi, Nagano, Nara, Niigata, Okayama, Okinawa, Oosaka, Saitama, Siga, Simane, Sizuoka, Tiba, Tookyoo, Totigi, Tottori, Toyama, Wakayama, Yamagata, Yamaguti, Yamanasi (Adm1)."
2014-0068-JPN,2014,0068,,Natural,Meteorological,Storm,Convective storm,Winter storm/Blizzard,,Japan,JPN,Eastern Asia,Asia,"Ibaraki, Kanagawa, Nagano, Niigata, Saitama, Tiba, Tookyoo, Totigi, Yamanasi, Akita, Aomori, Hukusima, Iwate, Miyagi, Yamagata provinces",,,,,,,,,Kph,,,,,2014,2,14,2014,2,17,24,1600,,,1600,,,,,185000,228698,80.89262372,1,1652;1653;1657;1663;1665;1668;1673;1675;1678;1684;1688;1690;1693;1695;1697,,"Akita, Aomori, Hukusima, Ibaraki, Iwate, Kanagawa, Miyagi, Nagano, Niigata, Saitama, Tiba, Tookyoo, Totigi, Yamagata, Yamanasi (Adm1)."
2014-0487-JPN,2014,0487,,Natural,Meteorological,Storm,Convective storm,Winter storm/Blizzard,,Japan,JPN,Eastern Asia,Asia,"Nagoyasi_Atutaku district (Aiti province), Hokkaidoo, Niigata provinces",,,,,,,,,Kph,,,,,2014,12,17,2014,12,18,11,,,,,,,,,,,80.89262372,1;2,1661;1678,33407,"Hokkaidoo, Niigata (Adm1). Nagoyasi_Atutaku (Adm2)."
2014-0519-JPN,2014,0519,,Natural,Meteorological,Storm,Convective storm,Winter storm/Blizzard,,Japan,JPN,Eastern Asia,Asia,Tokusima province,,,,,,,,,Kph,,,,,2014,12,2,2014,12,9,24,101,,,101,,,,,,,80.89262372,1,1689,,Tokusima (Adm1).
2014-0465-JPN,2014,0465,,Natural,Geophysical,Earthquake,Ground movement,,,Japan,JPN,Eastern Asia,Asia,"Hakuba village (Hakubamura district, Nagano province)",,,,,,,,6,Richter,36.6408,137.8875,22:08,,2014,11,22,2014,11,22,,41,2466,150,2657,,,,,2000,2472,80.89262372,2,,35261,Hakubamura (Adm2).
2014-0271-JPN,2014,0271,LS-2014-000114,Natural,Hydrological,Landslide,Landslide,,,Japan,JPN,Eastern Asia,Asia,"Hirosimasi_Asaminamiku, Hirosimasi_Asakitaku districts (Hirosima province)",Torrential rainfall,,,,,,,,,,,,,2014,8,20,2014,8,20,82,67,,,67,,,30900,38199,38000,46976,80.89262372,2,,34084;34085,"Hirosimasi_Asakitaku, Hirosimasi_Asaminamiku (Adm2)."
2014-0316-JPN,2014,0316,,Natural,Meteorological,Storm,Tropical cyclone,,Typhoon Halong,Japan,JPN,Eastern Asia,Asia,"Ehime, Kagawa, Kooti, Tokusima provinces",,,,,,,,160,Kph,,,,,2014,8,10,2014,8,12,10,96,21654,,21750,,,,,200000,247241,80.89262372,1,1654;1666;1669;1689,,"Ehime, Kagawa, Kooti, Tokusima (Adm1)."
2014-0396-JPN,2014,0396,,Natural,Meteorological,Storm,Tropical cyclone,,Typhoon Vongfong,Japan,JPN,Eastern Asia,Asia,"Makurazakisi, Kagosimasi districts (Kagosima province), Okinawa, Sizuoka provinces",,,,,,,,290,Kph,,,,,2014,10,12,2014,10,13,9,94,1104,,1198,,,,,100000,123621,80.89262372,1;2,1681;1687,34731;34756,"Okinawa, Sizuoka (Adm1). Kagosimasi, Makurazakisi (Adm2)."
2014-0578-JPN,2014,0578,,Natural,Meteorological,Extreme temperature,Heat wave,,,Japan,JPN,Eastern Asia,Asia,"Aiti, Ehime, Gifu, Gunma, Hirosima, Hukui, Hukuoka, Hukusima, Hyoogo, Ibaraki, Isikawa, Kagawa, Kagosima, Kanagawa, Kooti, Kumamoto, Kyooto, Mie, Miyagi, Miyazaki, Nagano, Nagasaki, Nara, Niigata, Okayama, Okinawa, Ooita, Oosaka, Saga, Saitama, Siga, Simane, Sizuoka, Tiba, Tokusima, Tookyoo, Totigi, Tottori, Toyama, Wakayama, Yamagata, Yamaguti, Yamanasi provinces",,,,,,,,39,°C,,,,,2014,7,14,2014,7,29,27,17000,,,17000,,,,,,,80.89262372,1,1651;1654;1655;1656;1657;1658;1659;1660;1662;1663;1664;1666;1667;1668;1669;1670;1671;1672;1673;1674;1675;1676;1677;1678;1679;1680;1681;1682;1683;1684;1685;1686;1687;1688;1689;1690;1691;1692;1693;1694;1695;1696;1697,,"Aiti, Ehime, Gifu, Gunma, Hirosima, Hukui, Hukuoka, Hukusima, Hyoogo, Ibaraki, Isikawa, Kagawa, Kagosima, Kanagawa, Kooti, Kumamoto, Kyooto, Mie, Miyagi, Miyazaki, Nagano, Nagasaki, Nara, Niigata, Okayama, Okinawa, Ooita, Oosaka, Saga, Saitama, Siga, Simane, Sizuoka, Tiba, Tokusima, Tookyoo, Totigi, Tottori, Toyama, Wakayama, Yamagata, Yamaguti, Yamanasi (Adm1)."
2014-0336-JPN,2014,0336,,Natural,Geophysical,Volcanic activity,,,Mt. Ontake,Japan,JPN,Eastern Asia,Asia,"Kaidamura, Mitakemura, Ootakimura districts (Nagano province), Asahimura, Osakatyoo, Takanemura districts (Gifu province)",,,,,,,,,,35.893,137.48,,,2014,9,27,2014,9,30,63,69,,,69,,,,,,,80.89262372,2,,33912;33978;33991;35277;35302;35325,"Asahimura, Kaidamura, Mitakemura, Ootakimura, Osakatyoo, Takanemura (Adm2)."
2015-0261-JPN,2015,0261,,Natural,Meteorological,Storm,Tropical cyclone,,Typhoon Nangka,Japan,JPN,Eastern Asia,Asia,"Aiti, Akita, Aomori, Gifu, Gunma, Hirosima, Hukui, Hukusima, Hyoogo, Ibaraki, Iwate, Kanagawa, Kyooto, Mie, Miyagi, Nagano, Nara, Niigata, Okayama, Okinawa, Oosaka, Saitama, Siga, Simane, Sizuoka, Tiba, Tookyoo, Totigi, Tottori, Toyama, Wakayama, Yamagata, Yamaguti, Yamanasi, Ehime, Kagawa, Kooti, Tokusima provinces",,Flood,"Slide (land, mud, snow, rock)",,,,,185,Kph,,,,,2015,7,16,2015,7,17,2,56,789,,845,,,127000,156812,207000,255592,80.98857899,1,1651;1652;1653;1654;1655;1657;1658;1659;1660;1662;1663;1665;1666;1668;1669;1671;1672;1673;1675;1677;1678;1680;1681;1682;1684;1685;1686;1687;1688;1689;1690;1691;1692;1693;1694;1695;1696;1697,,"Aiti, Akita, Aomori, Ehime, Gifu, Gunma, Hirosima, Hukui, Hukusima, Hyoogo, Ibaraki, Iwate, Kagawa, Kanagawa, Kooti, Kyooto, Mie, Miyagi, Nagano, Nara, Niigata, Okayama, Okinawa, Oosaka, Saitama, Siga, Simane, Sizuoka, Tiba, Tokusima, Tookyoo, Totigi, Tottori, Toyama, Wakayama, Yamagata, Yamaguti, Yamanasi (Adm1)."
2015-0418-JPN,2015,0418,,Natural,Hydrological,Flood,Riverine flood,,,Japan,JPN,Eastern Asia,Asia,"Joso city (Mitukaidoosi district, Ibaraki province), Miyagi, Totigi provinces","Heavy rains, tropical storm Etau","Slide (land, mud, snow, rock)",,,,,,,Km2,,,,"Kinugawa, Yoshida",2015,9,9,2015,9,11,21,46,45000,,45046,,,650000,802582,1400000,1728639,80.98857899,1;2,1673;1688,34520,"Miyagi, Totigi (Adm1). Mitukaidoosi (Adm2)."
2015-0244-JPN,2015,0244,,Natural,Meteorological,Storm,Tropical cyclone,,Typhoon Chan-Home,Japan,JPN,Eastern Asia,Asia,Okinawa province,,Flood,,,,,,250,Kph,,,,,2015,7,9,2015,7,11,1,27,,,27,,,,,,,80.98857899,1,1681,,Okinawa (Adm1).
2015-0456-JPN,2015,0456,TC-2015-000124,Natural,Meteorological,Storm,Tropical cyclone,,Tropical Storm Etau,Japan,JPN,Eastern Asia,Asia,"Ibaraki, Totigi, Miyagi provinces",,Flood,,,,,,,Kph,,,,,2015,9,8,2015,9,10,8,46,60000,,60046,,,250000,308685,,,80.98857899,1,1663;1673;1688,,"Ibaraki, Miyagi, Totigi (Adm1)."
2015-0176-JPN,2015,0176,TC-2015-000051,Natural,Meteorological,Storm,Tropical cyclone,,Typhoon Noul (Dodong),Japan,JPN,Eastern Asia,Asia,"Amagityoo, Isentyoo, Kasarityoo, Nazesi, Setootityoo, Sumiyooson, Tatugootyoo, Tokunosimatyoo, Ukenson, Yamatoson districts (Kagosima province), Okinawa province",,,,,,,,180,Kph,,,,,2015,5,12,2015,5,12,,6,39,,45,,,,,23200,28646,80.98857899,1;2,1681,34712;34727;34737;34765;34779;34783;34788;34791;34795;34800,"Okinawa (Adm1). Amagityoo, Isentyoo, Kasarityoo, Nazesi, Setootityoo, Sumiyooson, Tatugootyoo, Tokunosimatyoo, Ukenson, Yamatoson (Adm2)."
2015-0371-JPN,2015,0371,,Natural,Meteorological,Storm,Tropical cyclone,,Typhoon Goni (Ineng),Japan,JPN,Eastern Asia,Asia,Kumamoto province,,,,,,,,198,Kph,,,,,2015,8,25,2015,8,25,,70,,,70,,,,,,,80.98857899,1,1670,,Kumamoto (Adm1).
2015-0458-JPN,2015,0458,,Natural,Meteorological,Storm,Tropical cyclone,,Typhoon Dujuan,Japan,JPN,Eastern Asia,Asia,Okinawa province,,,,,,,,,Kph,,,,,2015,9,28,2015,9,28,,,,,,,,,,,,80.98857899,1,1681,,Okinawa (Adm1).
2015-0575-JPN,2015,0575,,Natural,Meteorological,Extreme temperature,Heat wave,,,Japan,JPN,Eastern Asia,Asia,"Oosaka province, Tokyo, Saitama",,,,,,,,,°C,,,,,2015,8,3,2015,8,9,32,11187,,,11187,,,,,,,80.98857899,1,1682;1684;1690,,"Oosaka, Saitama, Tookyoo (Adm1)."
2015-0610-JPN,2015,0610,,Natural,Meteorological,Extreme temperature,Heat wave,,,Japan,JPN,Eastern Asia,Asia,Entire country,,,,,,,,,°C,,,,,2015,5,11,2015,5,,2,480,,,480,,,,,,,80.98857899,1,1651;1652;1653;1654;1655;1656;1657;1658;1659;1660;1661;1662;1663;1664;1665;1666;1667;1668;1669;1670;1671;1672;1673;1674;1675;1676;1677;1678;1679;1680;1681;1682;1683;1684;1685;1686;1687;1688;1689;1690;1691;1692;1693;1694;1695;1696;1697,,"Aiti, Akita, Aomori, Ehime, Gifu, Gunma, Hirosima, Hokkaidoo, Hukui, Hukuoka, Hukusima, Hyoogo, Ibaraki, Isikawa, Iwate, Kagawa, Kagosima, Kanagawa, Kooti, Kumamoto, Kyooto, Mie, Miyagi, Miyazaki, Nagano, Nagasaki, Nara, Niigata, Okayama, Okinawa, Ooita, Oosaka, Saga, Saitama, Siga, Simane, Sizuoka, Tiba, Tokusima, Tookyoo, Totigi, Tottori, Toyama, Wakayama, Yamagata, Yamaguti, Yamanasi (Adm1)."
2015-0611-JPN,2015,0611,,Natural,Meteorological,Extreme temperature,Heat wave,,,Japan,JPN,Eastern Asia,Asia,"Funabashi (Chiba Prefecture), Isesaki City, Tatebayashi (Gunma Prefecture), Tokyo, Iwate, Yagamata",,,,,,,,,°C,,,,,2015,7,12,2015,7,15,5,3200,,,3200,,,,,,,80.98857899,1,1659;1665;1690;1693;1695,,"Gunma, Iwate, Tiba, Tookyoo, Yamagata (Adm1)."
2016-0221-JPN,2016,0221,,Natural,Hydrological,Flood,,,,Japan,JPN,Eastern Asia,Asia,Kumamoto province,Torrential rain,"Slide (land, mud, snow, rock)",,,,,,18481,Km2,32.603,130.99,,,2016,6,20,2016,6,23,7,,6000,,6000,,,,,,,82.0103309,1,1670,,Kumamoto (Adm1).
2016-0107-JPN,2016,0107,EQ-2016-000033,Natural,Geophysical,Earthquake,Ground movement,,,Japan,JPN,Eastern Asia,Asia,Kumamoto province (Kyushu Isl.),,,,,,,,7,Richter,32.788,130.7,21:26,,2016,4,14,2016,4,14,9,800,120000,,120800,,,,,38000000,46335626,82.0103309,1,1670,,Kumamoto (Adm1).
2016-0121-JPN,2016,0121,EQ-2016-000033,Natural,Geophysical,Earthquake,Ground movement,,,Japan,JPN,Eastern Asia,Asia,"Kumamoto, Fukuoka, Saga, Oita, Miyazaki provinces",,,,,,,,7,Richter,32.791,130.75,17:00,,2016,4,16,2016,4,16,49,1684,272763,23985,298432,,,5000000,6096793,20000000,24387171,82.0103309,1,1670;1674;1683,,"Kumamoto, Miyazaki, Saga (Adm1)."
2016-0023-JPN,2016,0023,,Natural,Meteorological,Extreme temperature,Cold wave,,,Japan,JPN,Eastern Asia,Asia,"Okinawa city (Okinawa province), Kagosima province (Amami ?shima Isl.), Nagasaki, Hirosima, Isikawa, Tookyoo provinces",,,,,,,,,°C,,,,,2016,1,20,2016,1,26,8,610,,,610,,,,,,,82.0103309,1,1660;1664;1667;1676;1681;1690,,"Hirosima, Isikawa, Kagosima, Nagasaki, Okinawa, Tookyoo (Adm1)."
2016-0382-JPN,2016,0382,,Natural,Meteorological,Storm,Tropical cyclone,,Tropical storm Mindulle,Japan,JPN,Eastern Asia,Asia,"Saitama, Hokkaidoo, Tookyoo, Tiba provinces",,"Slide (land, mud, snow, rock)",,,,,,,Kph,,,,,2016,8,22,2016,8,22,2,70,3633,,3703,,,,,100000,121936,82.0103309,1,1661;1684;1690;1693,,"Hokkaidoo, Saitama, Tiba, Tookyoo (Adm1)."
2016-0324-JPN,2016,0324,,Natural,Meteorological,Storm,Tropical cyclone,,Typhoon Lionrock,Japan,JPN,Eastern Asia,Asia,Iwate,,Flood,,,,,,,Kph,,,,,2016,9,4,2016,9,4,22,,,,,,,,,,,82.0103309,1,1665,,Iwate (Adm1).
2016-0390-JPN,2016,0390,,Natural,Meteorological,Storm,Tropical cyclone,,Typhoon Malakas,Japan,JPN,Eastern Asia,Asia,"Hyogoo, Miyazaki, Oosaka province",,Flood,,,,,,185,Kph,,,,,2016,9,20,2016,9,20,1,,6000,,6000,,,,,,,82.0103309,1,1662;1674;1682,,"Hyoogo, Miyazaki, Oosaka (Adm1)."
2016-0492-JPN,2016,0492,,Natural,Geophysical,Earthquake,Ground movement,,,Japan,JPN,Eastern Asia,Asia,"Kurayoshi city (Kurayosisi district, Tottori province)",,,,,,,,6,Richter,35.37,133.812,,,2016,10,21,2016,10,21,,7,480,6,493,,,,,100000,121936,82.0103309,2,,36364,Kurayosisi (Adm2).
2016-0361-JPN,2016,0361,,Natural,Meteorological,Storm,Tropical cyclone,,Typhoon Chaba (Chyba?),Japan,JPN,Eastern Asia,Asia,Hokkaidoo province (Hokkaido island),,,,,,,,,Kph,,,,,2016,10,5,2016,10,6,,,,,,,,,,,,82.0103309,1,1661,,Hokkaidoo (Adm1).
2016-0538-JPN,2016,0538,,Natural,Meteorological,Extreme temperature,Heat wave,,,Japan,JPN,Eastern Asia,Asia,"Yamanashi, Kawanehoncho,Shizuoka",,,,,,,,,°C,,,,,2016,8,6,2016,8,8,3,490,,,490,,,,,,,82.0103309,1,1687;1697,,"Sizuoka, Yamanasi (Adm1)."
2017-0432-JPN,2017,0432,,Natural,Meteorological,Storm,Tropical cyclone,,Typhoon 'Lan'/'Paolo',Japan,JPN,Eastern Asia,Asia,"Honshu Island: Fukuoka, Mie, Osaka, Toyama, Wakayama, Ibaraki, Nagano, Hokkaido",,Flood,"Slide (land, mud, snow, rock)",,,,,216,Kph,,,,,2017,10,22,2017,10,22,8,210,18600,,18810,,,,,1000000,1193926,83.75725455,1,1656;1661;1663;1672;1675;1682;1692;1694,,"Hokkaidoo, Hukuoka, Ibaraki, Mie, Nagano, Oosaka, Toyama, Wakayama (Adm1)."
2017-0468-JPN,2017,0468,,Natural,Meteorological,Storm,Tropical cyclone,,Typhoon 'Talim',Japan,JPN,Eastern Asia,Asia,"Oita (Bungo-ono), Kagawa (Mitoyo city), Okayama, Ehime, Kochi, Kyoto, Miyazaki, Hyogo",,Flood,"Slide (land, mud, snow, rock)",,,,,160,Kph,,,,,2017,9,17,2017,9,19,2,56,21600,,21656,,,330000,393996,500000,596963,83.75725455,1,1654;1662;1666;1669;1671;1674;1679;1680,,"Ehime, Hyoogo, Kagawa, Kooti, Kyooto, Miyazaki, Okayama, Ooita (Adm1)."
2017-0246-JPN,2017,0246,,Natural,Hydrological,Flood,Riverine flood,,,Japan,JPN,Eastern Asia,Asia,"Fukuoka (Asakura), Oita prefectures (Kyushu Isl.), Shimane, Kunamoto, Hiroshima, Nagasaki, Miyazaki, Kagoshima",Tropical Storm Nanmadol,"Slide (land, mud, snow, rock)",,,,,,,Km2,,,,Kagetsu,2017,7,6,2017,7,7,37,34,2610,300,2944,,,140000,167150,700000,835749,83.75725455,1,1656;1660;1667;1670;1674;1676;1679;1686,,"Hirosima, Hukuoka, Kagosima, Kumamoto, Miyazaki, Nagasaki, Ooita, Simane (Adm1)."
2017-0327-JPN,2017,0327,,Natural,Meteorological,Storm,Tropical cyclone,,Typhoon 'Noru',Japan,JPN,Eastern Asia,Asia,"Wakayama prefecture; Mie region, Kagoshima (Yakushima, Minami-ko towns), Miyazaki, Oita, Fukuoka Prefectures, Hyogo Prefecture",,,,,,,,120,Kph,33.2,134,,,2017,8,5,2017,8,7,2,51,1338,,1389,,,,,2000,2388,83.75725455,1,1656;1662;1667;1672;1674;1679;1694,,"Hukuoka, Hyoogo, Kagosima, Mie, Miyazaki, Ooita, Wakayama (Adm1)."
2018-0330-JPN,2018,0330,,Natural,Geophysical,Earthquake,Ground movement,,,Japan,JPN,Eastern Asia,Asia,"Atsuma village, Abira, Sapporo (Hokkaido)",,"Slide (land, mud, snow, rock)",,Yes,,,,7,Richter,,,03:00,,2018,9,6,2018,9,6,41,680,5600,,6280,,,,,1250000,1456825,85.80302606,2,,34179;34200;34309;34310;34311;34312;34313;34314;34315;34316;34317,"Atumatyoo, Hayakitatyoo, Sapporosi_Atubetuku, Sapporosi_Higasiku, Sapporosi_Kitaku, Sapporosi_Minamiku, Sapporosi_Nisiku, Sapporosi_Siroisiku, Sapporosi_Teeneku, Sapporosi_Toyohiraku, Sapporosi_Tyuuooku (Adm2)."
2018-0190-JPN,2018,0190,FL-2018-000082,Natural,Hydrological,Flood,,,,Japan,JPN,Eastern Asia,Asia,"Kochi, Gifu,Nagano prefectures, Tokushima; Okayama, Hiroshima; Chugoku, Kansai, Kyushu regions",Tropical Storm Praipiroon,"Slide (land, mud, snow, rock)",,Yes,,,,109672,Km2,35.65,137.895,,,2018,6,29,2018,7,8,246,102,1500000,,1500102,,,2400000,2797104,9500000,11071871,85.80302606,1,1658;1660;1669;1675;1680;1689,,"Gifu, Hirosima, Kooti, Nagano, Okayama, Tokusima (Adm1)."
2018-0326-JPN,2018,0326,,Natural,Meteorological,Storm,Tropical cyclone,,Typhoon Jebi,Japan,JPN,Eastern Asia,Asia,"Osaka, Wakayama, Hyogo",,Flood,,,,,,220,Kph,,,,,2018,9,4,2018,9,5,17,600,3300,,3900,,,9000000,10489141,12500000,14568251,85.80302606,1,1662;1682;1694,,"Hyoogo, Oosaka, Wakayama (Adm1)."
2018-0353-JPN,2018,0353,,Natural,Meteorological,Storm,Tropical cyclone,,Typhoon Trami,Japan,JPN,Eastern Asia,Asia,"Tokyo, Okinawa, Wakayama",,Flood,,,,,,216,Kph,,,,,2018,9,28,2018,10,1,4,200,18000,,18200,,,,,4500000,5244570,85.80302606,1,1681;1690;1694,,"Okinawa, Tookyoo, Wakayama (Adm1)."
2018-0183-JPN,2018,0183,,Natural,Geophysical,Earthquake,Ground movement,,,Japan,JPN,Eastern Asia,Asia,"Hyogo, Kyoto, Nara, Osaka Prefectures",,,,,,,,6,Richter,34.826,135.64,07:58,,2018,6,18,2018,6,18,5,417,20298,,20715,,,,,3250000,3787745,85.80302606,1,1662;1671;1677;1682,,"Hyoogo, Kyooto, Nara, Oosaka (Adm1)."
2018-0424-JPN,2018,0424,,Natural,Meteorological,Storm,Tropical cyclone,,Typhoon 'Kong-Rey',Japan,JPN,Eastern Asia,Asia,,,,,,,,,,Kph,,,,,2018,10,6,2018,10,7,3,,4200,,4200,,,,,,,85.80302606,1,1656;1674;1676;1681,,"Hukuoka, Miyazaki, Nagasaki, Okinawa (Adm1)."
2018-0226-JPN,2018,0226,,Natural,Meteorological,Extreme temperature,Heat wave,,,Japan,JPN,Eastern Asia,Asia,Kumagaya (Saitama Prefecture),,,,,,,,41,°C,,,,,2018,7,1,2018,7,15,119,49000,,,49000,,,,,,,85.80302606,2,,35947,Kumagayasi (Adm2).
2019-0322-JPN,2019,0322,,Natural,Geophysical,Earthquake,Ground movement,,,Japan,JPN,Eastern Asia,Asia,"Yamagata, Miyagi, Niigata,Ishikawa (Honshu Island)",,"Slide (land, mud, snow, rock)",,,,,,6,Richter,38.637,139.48,,,2019,6,18,2019,6,18,,28,432,,460,,,,,,,87.35800677,1,1664;1673;1678;1695,,"Isikawa, Miyagi, Niigata, Yamagata (Adm1)."
2019-0289-JPN,2019,0289,,Natural,Hydrological,Flood,,,,Japan,JPN,Eastern Asia,Asia,"Kyushu and Amami Islands; Kagoshima, Kirishima, Aira cities (Kagoshima Prefecture); Miyazaki, Kumamoto, Ishikawa prefectures",Torrential rains; Meiyu front (Baiu font),,,,,,,32382,Km2,32.591,130.866,,,2019,6,29,2019,7,4,2,,600,,600,,,,,,,87.35800677,1,1656;1664;1667;1670;1674;1676;1679;1683,,"Hukuoka, Isikawa, Kagosima, Kumamoto, Miyazaki, Nagasaki, Ooita, Saga (Adm1)."
1952-0038-JPN,1952,0038,,Natural,Geophysical,Earthquake,Ground movement,,,Japan,JPN,Eastern Asia,Asia,Hokkaido,,,,,,,,7,Richter,41.831,143.525,02:03,,1952,3,10,1952,3,10,,17,,339,356,,,,,,,9.094277433,,,,
1961-0061-JPN,1961,0061,,Natural,Geophysical,Earthquake,Ground movement,,,Japan,JPN,Eastern Asia,Asia,Honshu,,,,,,,,7,Richter,36,136.7,14:33,,1961,8,19,1961,8,19,10,,,,,,,,,,,10.21396373,,,,
1973-0150-JPN,1973,0150,,Natural,Geophysical,Earthquake,Ground movement,,,Japan,JPN,Eastern Asia,Asia,Hokkaido Isl.,,Tsunami/Tidal wave,,,,,,8,Richter,43.233,145.785,12:55,,1973,6,17,1973,6,17,,27,,,27,,,,,5000,32957,15.17145282,,,,
2019-0409-JPN,2019,0409,,Natural,Hydrological,Flood,,,,Japan,JPN,Eastern Asia,Asia,"Fukuoka, Nagasaki, Takeo City, Saga Prefecture (Kyushu Island)",Heavy rains,"Slide (land, mud, snow, rock)",,,,,,10883,Km2,32.951,130.545,,,2019,8,27,2019,8,29,1,2,300,,302,,,,,100000,114471,87.35800677,1;2,1656;1676,35898,"Hukuoka, Nagasaki (Adm1). Takeosi (Adm2)."
2019-0516-JPN,2019,0516,,Natural,Hydrological,Flood,,,,Japan,JPN,Eastern Asia,Asia,"Chiba, Fukushima","Torrantial rains, TYphon 21","Slide (land, mud, snow, rock)",,,,,,23764,Km2,36.739,140.269,,,2019,10,25,2019,10,26,10,,270,,270,,,,,,,87.35800677,1,1657;1693,,"Hukusima, Tiba (Adm1)."
2019-0492-JPN,2019,0492,,Natural,Meteorological,Storm,Tropical cyclone,,Tropical cylone 'Hagibis',Japan,JPN,Eastern Asia,Asia,"Tokyo, Fukushima, Miyagi, Shizuoka, Kanawanga, Nagano, Saitama, Gunma, Ibaraki, Tochigi",,Flood,,,,,,160,Kph,,,,,2019,10,12,2019,10,17,99,470,390000,,390470,,,10000000,11447148,17000000,19460151,87.35800677,1,1657;1659;1663;1668;1673;1675;1684;1687;1688;1690,,"Gunma, Hukusima, Ibaraki, Kanagawa, Miyagi, Nagano, Saitama, Sizuoka, Tookyoo, Totigi (Adm1)."
2019-0424-JPN,2019,0424,TC-2019-000102,Natural,Meteorological,Storm,Tropical cyclone,,Tropical cyclone 'Lingling',Japan,JPN,Eastern Asia,Asia,"Nagano, Yamaguchi, Hiroshima, Tottori, Okayama, Okinawa and Miyazaki Prefectures",,,,,,,,,Kph,,,,,2019,9,5,2019,9,8,,,,,,,,,,10000,11447,87.35800677,1,1660;1674;1675;1680;1681;1691;1696,,"Hirosima, Miyazaki, Nagano, Okayama, Okinawa, Tottori, Yamaguti (Adm1)."
2019-0443-JPN,2019,0443,,Natural,Meteorological,Storm,Tropical cyclone,,Tropical storm 'Tapah',Japan,JPN,Eastern Asia,Asia,"Okinawa, Miyazaki Prefectures",,,,,,,,,Kph,,,,,2019,9,24,2019,9,24,,21,2000,,2021,,,,,,,87.35800677,1,1674;1681,,"Miyazaki, Okinawa (Adm1)."
2019-0521-JPN,2019,0521,,Natural,Meteorological,Storm,Tropical cyclone,,Typhoon 'Faxai',Japan,JPN,Eastern Asia,Asia,Chiba prefecture; Tokyo,,,,,,,,170,Kph,,,,,2019,10,8,2019,10,8,3,150,120000,,120150,,,7000000,8013003,9100000,10416904,87.35800677,1,1690;1693,,"Tiba, Tookyoo (Adm1)."
2019-0463-JPN,2019,0463,,Natural,Meteorological,Extreme temperature,Heat wave,,,Japan,JPN,Eastern Asia,Asia,,,,,,,,,30,°C,,,,,2019,7,29,2019,8,8,162,18347,,,18347,,,,,,,87.35800677,,,,
2019-0467-JPN,2019,0467,,Natural,Meteorological,Extreme temperature,Heat wave,,,Japan,JPN,Eastern Asia,Asia,,,,,,,,,,°C,,,,,2019,7,22,2019,7,30,11,5600,,,5600,,,,,,,87.35800677,,,,
2020-0296-JPN,2020,0296,,Natural,Hydrological,Flood,,,,Japan,JPN,Eastern Asia,Asia,"Kumamoto Prefecture, Yatsushiro, and Hitoyoshi cities (Kyushu Region)",Heavy rains,"Slide (land, mud, snow, rock)",,,,,,28548,Km2,32.666,131.039,,Kuma River,2020,6,29,2020,7,10,82,114,250000,,250114,,,1200000,1356919,5800000,6558442,88.43564081,1,1670,,Kumamoto (Adm1).
2020-0555-JPN,2020,0555,,Natural,Meteorological,Storm,Convective storm,Winter storm/Blizzard,,Japan,JPN,Eastern Asia,Asia,Minakami ( Gunma prefecture); Yuzawa (Niigata prefecture),,Cold wave,,,,,,,Kph,,,,,2020,12,16,2020,12,18,,,,,,,,,,200000,226153,88.43564081,2,,34036;35603,"Minakamimati, Yuzawamati (Adm2)."
2020-0400-JPN,2020,0400,,Natural,Meteorological,Storm,Tropical cyclone,,Tropical cyclone 'Haishen' (Kristine),Japan,JPN,Eastern Asia,Asia,"Miyazaki Prefecture, Kyushu region, Kagoshima, Okinawa",,,,,,,,185,Kph,,,,,2020,9,7,2020,9,7,2,52,,,52,,,,,,,88.43564081,1,1656;1667;1670;1674;1676;1679;1681;1683,,"Hukuoka, Kagosima, Kumamoto, Miyazaki, Nagasaki, Okinawa, Ooita, Saga (Adm1)."
2020-0403-JPN,2020,0403,,Natural,Meteorological,Storm,Tropical cyclone,,Typhoon 'Maisak' (Julian),Japan,JPN,Eastern Asia,Asia,Okinawa Prefecture,,,,,,,,175,Kph,,,,,2020,9,2,2020,9,2,,8,,,8,,,,,,,88.43564081,1,1681,,Okinawa (Adm1).
2021-0405-JPN,2021,0405,,Natural,Hydrological,Flood,,,,Japan,JPN,Eastern Asia,Asia,"Kagoshima, Kumamoto, Miyazaki Prefectures (Kyushu Island)",Heavy rains,"Slide (land, mud, snow, rock)",,,,,,,Km2,,,,,2021,7,10,2021,7,12,,,300,,300,,,,,,,92.59019293,1,1667;1670;1674,,"Kagosima, Kumamoto, Miyazaki (Adm1)."
2021-0508-JPN,2021,0508,,Natural,Hydrological,Flood,,,,Japan,JPN,Eastern Asia,Asia,"Nagasaki, Hiroshima departments",Heavy rains,"Slide (land, mud, snow, rock)",,,,,,,Km2,,,,,2021,8,11,2021,8,16,12,,30000,,30000,,,,,100000,108003,92.59019293,1,1660;1676,,"Hirosima, Nagasaki (Adm1)."
2021-0018-JPN,2021,0018,,Natural,Meteorological,Storm,Convective storm,Winter storm/Blizzard,,Japan,JPN,Eastern Asia,Asia,"Hokuriku, Tohoku, Hokkaido",,Cold wave,,,,,,,Kph,,,,,2021,1,7,2021,1,12,23,394,,,394,,,,,2000000,2160056,92.59019293,1,1652;1653;1655;1657;1661;1664;1665;1673;1678;1692;1695,,"Akita, Aomori, Hokkaidoo, Hukui, Hukusima, Isikawa, Iwate, Miyagi, Niigata, Toyama, Yamagata (Adm1)."
2021-0105-JPN,2021,0105,,Natural,Geophysical,Earthquake,Ground movement,,,Japan,JPN,Eastern Asia,Asia,Namie region,,,,,,,,7,Richter,37.745,141.749,23:07,,2021,2,13,2021,2,13,1,185,7647,60,7892,,,2300000,2484064,7700000,8316216,92.59019293,2,,33868,Namiemati (Adm2).
2021-0194-JPN,2021,0194,,Natural,Geophysical,Earthquake,Ground movement,,,Japan,JPN,Eastern Asia,Asia,Honshu Island,,,,,,,,7,Richter,38.475,141.633,18:09,,2021,3,20,2021,3,20,,11,600,,611,,,,,550000,594015,92.59019293,1,1651;1652;1653;1655;1657;1658;1659;1660;1662;1663;1664;1665;1668;1671;1672;1673;1675;1677;1678;1680;1682;1684;1685;1686;1687;1688;1690;1691;1692;1693;1694;1695;1696;1697,,"Aiti, Akita, Aomori, Gifu, Gunma, Hirosima, Hukui, Hukusima, Hyoogo, Ibaraki, Isikawa, Iwate, Kanagawa, Kyooto, Mie, Miyagi, Nagano, Nara, Niigata, Okayama, Oosaka, Saitama, Siga, Simane, Sizuoka, Tiba, Tookyoo, Totigi, Tottori, Toyama, Wakayama, Yamagata, Yamaguti, Yamanasi (Adm1)."
2021-0372-JPN,2021,0372,,Natural,Hydrological,Landslide,Mudslide,,,Japan,JPN,Eastern Asia,Asia,Atami (Shizuoka Prefecture),Heavy rains,,,,,,,,,,,,,2021,7,3,2021,7,5,26,,900,,900,,,,,250000,270007,92.59019293,2,,36111,Atamisi (Adm2).
2022-0153-JPN,2022,0153,,Natural,Geophysical,Earthquake,Ground movement,,,Japan,JPN,Eastern Asia,Asia,Fukushima Prefecture,,,,,,,,7,Richter,37.702,141.587,23:36,,2022,3,16,2022,3,16,3,183,558,,741,,,2800000,2800000,8800000,8800000,100,,,,
2022-0398-JPN,2022,0398,,Natural,Meteorological,Storm,Tropical cyclone,,Tropical depression 'Aere',Japan,JPN,Eastern Asia,Asia,"Unzen, Nagasaki, Arao, Kumamoto, Omuta, Fukuoka prefectures",,Flood,"Slide (land, mud, snow, rock)",,,,,46,Kph,,,,,2022,7,4,2022,7,5,,2,390,,392,,,,,,,100,1;2,1670;1676,33778,"Kumamoto, Nagasaki (Adm1). Oomutasi (Adm2)."
2022-0627-JPN,2022,0627,,Natural,Meteorological,Storm,Tropical cyclone,,Typhoon 'Talas',Japan,JPN,Eastern Asia,Asia,"Kakegawa, Fukuroi (Shizuoka prefecture); Chibu",,"Slide (land, mud, snow, rock)",,,,,,65,Kph,,,,,2022,9,25,2022,9,25,3,,13323,,13323,,,,,752000,752000,100,,,,
2022-0819-JPN,2022,0819,,Natural,Meteorological,Storm,Convective storm,Winter storm/Blizzard,,Japan,JPN,Eastern Asia,Asia,"Niigata, Yamagata, Aomori prefectures (Honshu Isl.); Hokkaido; Fukushima",,,,,,,,,Kph,,,,,2022,12,17,2022,12,26,19,130,,,130,,,,,,,100,1,1653;1661;1678;1695,,"Aomori, Hokkaidoo, Niigata, Yamagata (Adm1)."
2022-0604-JPN,2022,0604,,Natural,Meteorological,Storm,Tropical cyclone,,Typhoon 'Nanmadol',Japan,JPN,Eastern Asia,Asia,"Kagoshima, Kyushu Isl.",,,,,,,,175,Kph,,,,,2022,9,18,2022,9,20,5,140,1200,,1340,,,,,2000000,2000000,100,1,1667,,Kagosima (Adm1).
2022-0423-JPN,2022,0423,,Natural,Meteorological,Extreme temperature,Heat wave,,,Japan,JPN,Eastern Asia,Asia,"Gunma, Tochigi, Yamanashi, Aichi, Tokyo",,,,,,,,37,°C,,,,,2022,6,20,2022,7,1,80,14300,,,14300,,,,,,,100,1,1659,,Gunma (Adm1).
2022-0496-JPN,2022,0496,,Natural,Hydrological,Flood,,,,Japan,JPN,Eastern Asia,Asia,"Aomori, Akita, Iwate, Ishikawa, Yamagata, Niigata, Fukui and Fukushima",Heavy rains,,,,,,,,Km2,,,,,2022,8,2,2022,8,8,2,8,11100,,11108,,,,,141000,141000,100,1,1652;1653;1664;1665;1678;1695,,"Akita, Aomori, Isikawa, Iwate, Niigata, Yamagata (Adm1)."
2023-0279-JPN,2023,0279,,Natural,Geophysical,Earthquake,Ground movement,,,Japan,JPN,Eastern Asia,Asia,Ishikawa,,"Slide (land, mud, snow, rock)",,,,,,6,Richter,37.548,137.299,14:42,,2023,5,6,2023,5,6,1,43,2157,54,2254,,,,,,,,,,,
2023-0413-JPN,2023,0413,,Natural,Hydrological,Flood,Flash flood,,,Japan,JPN,Eastern Asia,Asia,"Yamaguchi Prefecture (Honshu); Oita Prefecture (Kyushu islands); Kumamoto City (Kumamoto Prefecture); Hiroshima, Yamaguchi, Fukuoka Saga, Oita",Heavy rains,"Slide (land, mud, snow, rock)",,,,,,,Km2,,,,,2023,7,1,2023,7,7,6,18,4200,,4218,,,,,,,,1,1660;1679,,"Hirosima, Ooita (Adm1)."
2023-0300-JPN,2023,0300,,Natural,Meteorological,Storm,Tropical cyclone,,Typhoon 'Mawar',Japan,JPN,Eastern Asia,Asia,Okinawa,,Flood,,,,,,215,Kph,,,,,2023,6,2,2023,6,2,3,35,,,35,,,,,,,,1,1681,,Okinawa (Adm1).